-- phpMyAdmin SQL Dump
-- version 5.2.0
-- https://www.phpmyadmin.net/
--
-- Host: mysql:3306
-- Generation Time: Feb 08, 2023 at 11:05 AM
-- Server version: 8.0.32
-- PHP Version: 8.0.19

SET SQL_MODE = "NO_AUTO_VALUE_ON_ZERO";
START TRANSACTION;
SET time_zone = "+00:00";


/*!40101 SET @OLD_CHARACTER_SET_CLIENT=@@CHARACTER_SET_CLIENT */;
/*!40101 SET @OLD_CHARACTER_SET_RESULTS=@@CHARACTER_SET_RESULTS */;
/*!40101 SET @OLD_COLLATION_CONNECTION=@@COLLATION_CONNECTION */;
/*!40101 SET NAMES utf8mb4 */;

--
-- Database: `alemtime`
--

-- --------------------------------------------------------

--
-- Table structure for table `ads`
--

CREATE TABLE `ads` (
  `id` bigint UNSIGNED NOT NULL,
  `title` varchar(255) COLLATE utf8mb4_unicode_ci NOT NULL,
  `body` text COLLATE utf8mb4_unicode_ci NOT NULL,
  `photo` varchar(255) COLLATE utf8mb4_unicode_ci NOT NULL,
  `created_at` timestamp NULL DEFAULT NULL,
  `updated_at` timestamp NULL DEFAULT NULL,
  `deleted_at` timestamp NULL DEFAULT NULL
) ENGINE=InnoDB DEFAULT CHARSET=utf8mb4 COLLATE=utf8mb4_unicode_ci;

--
-- Dumping data for table `ads`
--

INSERT INTO `ads` (`id`, `title`, `body`, `photo`, `created_at`, `updated_at`, `deleted_at`) VALUES
(1, 'Барлық спорт түрлеріне бір абонемент', 'Бұл қосымшада біраз белсенділіктер жиналған. Бізде барлық спорт түрлері бар: йогадан бастап кроссфитке дейін', 'https://prod.1fit.app/1fit.png', '2023-02-06 17:34:59', '2023-02-06 17:34:59', NULL);

-- --------------------------------------------------------

--
-- Table structure for table `categories`
--

CREATE TABLE `categories` (
  `id` bigint UNSIGNED NOT NULL,
  `name` varchar(255) COLLATE utf8mb4_unicode_ci NOT NULL,
  `color` varchar(255) COLLATE utf8mb4_unicode_ci NOT NULL,
  `created_at` timestamp NULL DEFAULT NULL,
  `updated_at` timestamp NULL DEFAULT NULL,
  `deleted_at` timestamp NULL DEFAULT NULL
) ENGINE=InnoDB DEFAULT CHARSET=utf8mb4 COLLATE=utf8mb4_unicode_ci;

--
-- Dumping data for table `categories`
--

INSERT INTO `categories` (`id`, `name`, `color`, `created_at`, `updated_at`, `deleted_at`) VALUES
(1, 'Дәстүр', '#3855ed', '2023-02-06 17:34:55', '2023-02-06 17:34:55', NULL),
(2, 'Тарих', '#440b1d', '2023-02-06 17:34:55', '2023-02-06 17:34:55', NULL),
(3, 'Мәдениет', '#0b43a4', '2023-02-06 17:34:55', '2023-02-06 17:34:55', NULL),
(4, 'Туризм', '#771000', '2023-02-06 17:34:55', '2023-02-06 17:34:55', NULL),
(5, 'Қоғам', '#c1abdf', '2023-02-06 17:34:55', '2023-02-06 17:34:55', NULL),
(6, 'Спорт', '#5ce321', '2023-02-06 17:34:55', '2023-02-06 17:34:55', NULL),
(7, 'Әлем', '#a3267e', '2023-02-06 17:34:55', '2023-02-06 17:34:55', NULL),
(8, 'Саясат', '#15d56d', '2023-02-06 17:34:55', '2023-02-06 17:34:55', NULL),
(9, 'Қаржы', '#15d56d', NULL, NULL, NULL),
(10, 'AlemTime', '#333333', NULL, NULL, NULL);

-- --------------------------------------------------------

--
-- Table structure for table `cities`
--

CREATE TABLE `cities` (
  `id` bigint UNSIGNED NOT NULL,
  `city` varchar(255) COLLATE utf8mb4_unicode_ci NOT NULL,
  `district_id` int NOT NULL,
  `created_at` timestamp NULL DEFAULT NULL,
  `updated_at` timestamp NULL DEFAULT NULL
) ENGINE=InnoDB DEFAULT CHARSET=utf8mb4 COLLATE=utf8mb4_unicode_ci;

--
-- Dumping data for table `cities`
--

INSERT INTO `cities` (`id`, `city`, `district_id`, `created_at`, `updated_at`) VALUES
(1, 'Алматы', 5, '2023-02-06 17:35:00', '2023-02-06 17:35:00'),
(2, 'Талдыкорган', 7, '2023-02-06 17:35:00', '2023-02-06 17:35:00'),
(3, 'Қонаев', 8, '2023-02-06 17:35:00', '2023-02-06 17:35:00'),
(4, 'Ұзынағаш', 6, '2023-02-06 17:35:00', '2023-02-06 17:35:00'),
(5, 'Талғар', 4, '2023-02-06 17:35:01', '2023-02-06 17:35:01'),
(6, 'Есік', 10, '2023-02-06 17:35:01', '2023-02-06 17:35:01'),
(7, 'Абай', 7, '2023-02-06 17:35:01', '2023-02-06 17:35:01'),
(8, 'Бурундай', 1, '2023-02-06 17:35:01', '2023-02-06 17:35:01'),
(9, 'Жетіген', 2, '2023-02-06 17:35:01', '2023-02-06 17:35:01'),
(10, 'Бақанас', 5, '2023-02-06 17:35:01', '2023-02-06 17:35:01');

-- --------------------------------------------------------

--
-- Table structure for table `comments`
--

CREATE TABLE `comments` (
  `id` bigint UNSIGNED NOT NULL,
  `user_id` int NOT NULL,
  `post_id` int NOT NULL,
  `parent_id` int DEFAULT NULL,
  `body` text COLLATE utf8mb4_unicode_ci NOT NULL,
  `like` int NOT NULL DEFAULT '0',
  `dislike` int NOT NULL DEFAULT '0',
  `created_at` timestamp NULL DEFAULT NULL,
  `updated_at` timestamp NULL DEFAULT NULL,
  `deleted_at` timestamp NULL DEFAULT NULL
) ENGINE=InnoDB DEFAULT CHARSET=utf8mb4 COLLATE=utf8mb4_unicode_ci;

--
-- Dumping data for table `comments`
--

INSERT INTO `comments` (`id`, `user_id`, `post_id`, `parent_id`, `body`, `like`, `dislike`, `created_at`, `updated_at`, `deleted_at`) VALUES
(1, 2, 9, NULL, 'Sapiente sit quidem officia nobis voluptatem ducimus harum. Consectetur nihil consequuntur dignissimos quod. Voluptatibus itaque quis eos commodi aperiam.', 8, 6, '2023-02-06 17:34:59', '2023-02-06 17:34:59', NULL),
(2, 1, 7, NULL, 'Architecto deleniti vitae placeat qui molestias. Quam laboriosam nulla est ea ut sunt. At est voluptate perferendis nulla dolores quibusdam.', 9, 7, '2023-02-06 17:34:59', '2023-02-06 17:34:59', NULL),
(3, 3, 8, NULL, 'Inventore ratione eligendi maxime facilis enim facilis. Id tenetur voluptas consectetur harum. Expedita rerum est omnis fugiat doloribus.', 9, 6, '2023-02-06 17:34:59', '2023-02-06 17:34:59', NULL),
(4, 3, 1, NULL, 'Consequatur itaque expedita eos officiis natus. Aperiam corrupti perspiciatis consequatur dolorem. Rerum qui quam dolore minima est sit. Eveniet architecto dignissimos officia numquam.', 9, 9, '2023-02-06 17:34:59', '2023-02-06 17:34:59', NULL),
(5, 2, 11, NULL, 'Quae itaque quasi iusto qui similique laboriosam quia. A sequi hic beatae nihil porro consequatur at. In et rerum voluptate saepe consequatur nulla. Mollitia odio nisi error dolorem provident autem necessitatibus.', 2, 5, '2023-02-06 17:34:59', '2023-02-06 17:34:59', NULL),
(6, 1, 8, NULL, 'Ut labore eaque molestiae ipsam labore. Sed possimus alias est aut. Dolores amet accusantium non quis quia blanditiis id. Aut illo accusantium quaerat exercitationem veniam est qui.', 2, 2, '2023-02-06 17:34:59', '2023-02-06 17:34:59', NULL),
(7, 3, 3, NULL, 'Quo non rem totam doloremque dolor. Placeat asperiores sequi maiores temporibus eum.', 2, 8, '2023-02-06 17:35:00', '2023-02-06 17:35:00', NULL),
(8, 1, 7, NULL, 'Itaque laudantium eum ea quisquam id ut ipsa. Sapiente eius ducimus consequatur id et porro natus minus. Repellat consequatur impedit at totam. Sed aut qui odio consectetur nulla.', 4, 10, '2023-02-06 17:35:00', '2023-02-06 17:35:00', NULL),
(9, 3, 1, NULL, 'Cupiditate tempora culpa eveniet. Libero quia earum earum ea rerum. Ea voluptatibus atque et quisquam quasi. Ipsum blanditiis et eos labore.', 8, 2, '2023-02-06 17:35:00', '2023-02-06 17:35:00', NULL),
(10, 1, 5, NULL, 'Deserunt est expedita laboriosam voluptatibus aut. Omnis culpa illum repellat est repudiandae. Tempora accusamus facere laboriosam excepturi delectus laudantium.', 9, 4, '2023-02-06 17:35:00', '2023-02-06 17:35:00', NULL);

-- --------------------------------------------------------

--
-- Table structure for table `districts`
--

CREATE TABLE `districts` (
  `id` bigint UNSIGNED NOT NULL,
  `district` varchar(255) COLLATE utf8mb4_unicode_ci NOT NULL,
  `region_id` int NOT NULL,
  `created_at` timestamp NULL DEFAULT NULL,
  `updated_at` timestamp NULL DEFAULT NULL
) ENGINE=InnoDB DEFAULT CHARSET=utf8mb4 COLLATE=utf8mb4_unicode_ci;

--
-- Dumping data for table `districts`
--

INSERT INTO `districts` (`id`, `district`, `region_id`, `created_at`, `updated_at`) VALUES
(1, 'Esmeraldaville', 3, '2023-02-06 17:35:02', '2023-02-06 17:35:02'),
(2, 'DuBuqueton', 2, '2023-02-06 17:35:03', '2023-02-06 17:35:03'),
(3, 'Mooremouth', 2, '2023-02-06 17:35:03', '2023-02-06 17:35:03'),
(4, 'Wiegandstad', 10, '2023-02-06 17:35:03', '2023-02-06 17:35:03'),
(5, 'Rempelmouth', 5, '2023-02-06 17:35:03', '2023-02-06 17:35:03'),
(6, 'Hammesside', 10, '2023-02-06 17:35:03', '2023-02-06 17:35:03'),
(7, 'North Pascalemouth', 2, '2023-02-06 17:35:03', '2023-02-06 17:35:03'),
(8, 'West Hettieville', 5, '2023-02-06 17:35:03', '2023-02-06 17:35:03'),
(9, 'Howellstad', 9, '2023-02-06 17:35:04', '2023-02-06 17:35:04'),
(10, 'North Annabellberg', 6, '2023-02-06 17:35:04', '2023-02-06 17:35:04');

-- --------------------------------------------------------

--
-- Table structure for table `failed_jobs`
--

CREATE TABLE `failed_jobs` (
  `id` bigint UNSIGNED NOT NULL,
  `uuid` varchar(255) COLLATE utf8mb4_unicode_ci NOT NULL,
  `connection` text COLLATE utf8mb4_unicode_ci NOT NULL,
  `queue` text COLLATE utf8mb4_unicode_ci NOT NULL,
  `payload` longtext COLLATE utf8mb4_unicode_ci NOT NULL,
  `exception` longtext COLLATE utf8mb4_unicode_ci NOT NULL,
  `failed_at` timestamp NOT NULL DEFAULT CURRENT_TIMESTAMP
) ENGINE=InnoDB DEFAULT CHARSET=utf8mb4 COLLATE=utf8mb4_unicode_ci;

-- --------------------------------------------------------

--
-- Table structure for table `likeable_likes`
--

CREATE TABLE `likeable_likes` (
  `id` bigint UNSIGNED NOT NULL,
  `likeable_id` varchar(36) COLLATE utf8mb4_unicode_ci NOT NULL,
  `likeable_type` varchar(255) COLLATE utf8mb4_unicode_ci NOT NULL,
  `user_id` varchar(36) COLLATE utf8mb4_unicode_ci NOT NULL,
  `created_at` timestamp NULL DEFAULT NULL,
  `updated_at` timestamp NULL DEFAULT NULL
) ENGINE=InnoDB DEFAULT CHARSET=utf8mb4 COLLATE=utf8mb4_unicode_ci;

-- --------------------------------------------------------

--
-- Table structure for table `likeable_like_counters`
--

CREATE TABLE `likeable_like_counters` (
  `id` bigint UNSIGNED NOT NULL,
  `likeable_id` varchar(36) COLLATE utf8mb4_unicode_ci NOT NULL,
  `likeable_type` varchar(255) COLLATE utf8mb4_unicode_ci NOT NULL,
  `count` bigint UNSIGNED NOT NULL DEFAULT '0'
) ENGINE=InnoDB DEFAULT CHARSET=utf8mb4 COLLATE=utf8mb4_unicode_ci;

-- --------------------------------------------------------

--
-- Table structure for table `migrations`
--

CREATE TABLE `migrations` (
  `id` int UNSIGNED NOT NULL,
  `migration` varchar(255) COLLATE utf8mb4_unicode_ci NOT NULL,
  `batch` int NOT NULL
) ENGINE=InnoDB DEFAULT CHARSET=utf8mb4 COLLATE=utf8mb4_unicode_ci;

--
-- Dumping data for table `migrations`
--

INSERT INTO `migrations` (`id`, `migration`, `batch`) VALUES
(1, '2014_10_12_000000_create_users_table', 1),
(2, '2014_10_12_100000_create_password_resets_table', 1),
(3, '2016_02_07_000000_create_likeable_tables', 1),
(4, '2019_08_19_000000_create_failed_jobs_table', 1),
(5, '2019_12_14_000001_create_personal_access_tokens_table', 1),
(6, '2022_09_05_070943_create_permission_tables', 1),
(7, '2022_10_23_100101_create_posts_table', 1),
(8, '2022_10_24_123207_create_categories_table', 1),
(9, '2022_10_27_070118_create_quotes_table', 1),
(10, '2022_10_27_095648_create_ads_table', 1),
(11, '2022_11_02_104835_create_comments_table', 1),
(12, '2022_12_15_153001_create_cities_table', 1),
(13, '2022_12_15_153133_create_regions_table', 1),
(14, '2022_12_15_153832_create_districts_table', 1);

-- --------------------------------------------------------

--
-- Table structure for table `model_has_permissions`
--

CREATE TABLE `model_has_permissions` (
  `permission_id` bigint UNSIGNED NOT NULL,
  `model_type` varchar(255) COLLATE utf8mb4_unicode_ci NOT NULL,
  `model_id` bigint UNSIGNED NOT NULL
) ENGINE=InnoDB DEFAULT CHARSET=utf8mb4 COLLATE=utf8mb4_unicode_ci;

-- --------------------------------------------------------

--
-- Table structure for table `model_has_roles`
--

CREATE TABLE `model_has_roles` (
  `role_id` bigint UNSIGNED NOT NULL,
  `model_type` varchar(255) COLLATE utf8mb4_unicode_ci NOT NULL,
  `model_id` bigint UNSIGNED NOT NULL
) ENGINE=InnoDB DEFAULT CHARSET=utf8mb4 COLLATE=utf8mb4_unicode_ci;

-- --------------------------------------------------------

--
-- Table structure for table `password_resets`
--

CREATE TABLE `password_resets` (
  `email` varchar(255) COLLATE utf8mb4_unicode_ci NOT NULL,
  `token` varchar(255) COLLATE utf8mb4_unicode_ci NOT NULL,
  `created_at` timestamp NULL DEFAULT NULL
) ENGINE=InnoDB DEFAULT CHARSET=utf8mb4 COLLATE=utf8mb4_unicode_ci;

-- --------------------------------------------------------

--
-- Table structure for table `permissions`
--

CREATE TABLE `permissions` (
  `id` bigint UNSIGNED NOT NULL,
  `name` varchar(255) COLLATE utf8mb4_unicode_ci NOT NULL,
  `guard_name` varchar(255) COLLATE utf8mb4_unicode_ci NOT NULL,
  `created_at` timestamp NULL DEFAULT NULL,
  `updated_at` timestamp NULL DEFAULT NULL
) ENGINE=InnoDB DEFAULT CHARSET=utf8mb4 COLLATE=utf8mb4_unicode_ci;

-- --------------------------------------------------------

--
-- Table structure for table `personal_access_tokens`
--

CREATE TABLE `personal_access_tokens` (
  `id` bigint UNSIGNED NOT NULL,
  `tokenable_type` varchar(255) COLLATE utf8mb4_unicode_ci NOT NULL,
  `tokenable_id` bigint UNSIGNED NOT NULL,
  `name` varchar(255) COLLATE utf8mb4_unicode_ci NOT NULL,
  `token` varchar(64) COLLATE utf8mb4_unicode_ci NOT NULL,
  `abilities` text COLLATE utf8mb4_unicode_ci,
  `last_used_at` timestamp NULL DEFAULT NULL,
  `expires_at` timestamp NULL DEFAULT NULL,
  `created_at` timestamp NULL DEFAULT NULL,
  `updated_at` timestamp NULL DEFAULT NULL
) ENGINE=InnoDB DEFAULT CHARSET=utf8mb4 COLLATE=utf8mb4_unicode_ci;

-- --------------------------------------------------------

--
-- Table structure for table `posts`
--

CREATE TABLE `posts` (
  `id` bigint UNSIGNED NOT NULL,
  `title` varchar(255) COLLATE utf8mb4_unicode_ci NOT NULL,
  `body` text COLLATE utf8mb4_unicode_ci NOT NULL,
  `photo` varchar(255) COLLATE utf8mb4_unicode_ci NOT NULL,
  `views` int UNSIGNED NOT NULL DEFAULT '0',
  `status` int UNSIGNED NOT NULL DEFAULT '4',
  `privilege` int UNSIGNED NOT NULL DEFAULT '3',
  `user_id` bigint UNSIGNED NOT NULL,
  `category_id` bigint UNSIGNED NOT NULL,
  `region_id` bigint UNSIGNED NOT NULL,
  `city_id` bigint UNSIGNED NOT NULL,
  `district_id` bigint UNSIGNED NOT NULL,
  `created_at` timestamp NULL DEFAULT NULL,
  `updated_at` timestamp NULL DEFAULT NULL,
  `deleted_at` timestamp NULL DEFAULT NULL
) ENGINE=InnoDB DEFAULT CHARSET=utf8mb4 COLLATE=utf8mb4_unicode_ci;

--
-- Dumping data for table `posts`
--

INSERT INTO `posts` (`id`, `title`, `body`, `photo`, `views`, `status`, `privilege`, `user_id`, `category_id`, `region_id`, `city_id`, `district_id`, `created_at`, `updated_at`, `deleted_at`) VALUES
(1, 'Алматы', '\n\nАлматы  – 70 жыл бойы Қазақстанның астанасы болған елдiң ең iрi қаласы. Қазіргі таңда Алматыны «Оңтүстік астана» деп те атайды. Шын мәнінде, қарқындылығы, экономикалық, қоғамдық және мәдени өмiрi жағынан – бұл - астаналық қала.\n\nАлматы Іле Алатауының етегiнде орналасқан, сондықтан ауа райы ашық болған кезде, қаланың кез-келген нүктесiнен тау шыңдарын көруге болады. Географиялық жағдайы бойынша қала жоғарыдан төменге қарай орналасқан. Сондықтан алматылықтар қаланың бағдарын білдірген кезде, «жоғары» және «төмен» ұғымдарын жиі қолданады.\nТарих\n\nАлматы қаласының орналасқан аумағы ежелгi замандардан бері әр түрлi халықтар мен тайпалардың белсендi өмiр сүрген орыны болған. Дәл осы өлкеде кезiнде сақтар (сілтеме – 3-б, 3-т – сақ тайпасы) өмір сүрген. Археологтар олардың обаларын қаланың маңайынан, тіпті қала аумағынан да тапқан.\n\nАлматының қазiргi тарихы 1854 жылдан басталады, сол жылы Ресей империясының билiгi (сілтеме – 3-б, 10-т – СССР құрамындағы Қазақстан), бұл аумаққа әскери бекініс салу шешім қабылдап, оған Верный атауын берген.\n\n1921 жылы кеңес өкiметi кезінде Верный қаласының атауы Алматы (орысша құжаттарда - Алма-Ата) деп өзгертілді.\n\n1929 жылы осы уақытқа дейін Қызылорда қаласында болған Қазақ АССР-ы астанасы Алматыға көшілірді. Кейін 1936 жылдан бастап Алматы Қазақ Кеңес Социалистiк Республикасының астанасы болды. 1991 жылы Қазақстан тәуелсiздiгін алған жылы Алматы атанды.\n\nБұл атақты 1997 жылы Астанаға берсе де, Алматы елдің маңызды ғылыми, мәдени, өндiрiстiк, қаржылық орталығы болып қала береді. Қазақстанның барлық қонақтары үшiн Алматы саяхаттың маңызды орны болып есептеледі.\nКөрікті жерлері\n\nКөк-төбе – теңiз деңгейiнен 1100 м биiктiкте орналасқан, қаланың аумағындағы тау.Таудың етегiнде 350-метрлік телемұнара қойылған. Егер теңiз деңгейiмен есептер болсақ, онда бұл әлемдегі ең биiк мұнара.\n\nКөк-төбеге әуе трамвайы арқылы арқан жолмен, жаяу немесе арнайы микроавтобуспен көтерілуге болады. Оның шыңынан қала мен оны қоршап тұрған таулар өте әдемі көрінеді.\n\nКөк-төбе аумағында алма пiшiнiнде жасалған \"Арман субұрқағы\", балалар қалашығы, хайуанаттар бағы, көркем галерея, шайхана және басқа да көптеген нәрселер бар.\nБатыр-панфиловшылар паркі\n\nЕскi қаланы орталығында, қаланың төменгі жағында орналасқан ескі парктердің бірі. Парк 1941 жылы Мәскеу қаласын қорғауға белсене араласып, жауды жою жолында ерлікпен қаза тапқан, генерал-майор Иван Панфилов басқарған 316-шы атқыштар дивизиясы жауынгерлеріне арналған.\n\nПарктiң аумағында мәскеулiк Кремльдiң қабырғасын кеудесiмен жауып тұрған панфиловшылардың бейнелері көрсетілген Даңқ Мемориалы қойылған. Мемориалдың бiр бөлiгi - мәңгiлiк алау. Бұдан басқа, паркте кеңес әскерінің үздігі, қайраткер, генерал Панфиловқа, дивизия жауынгерлеріне, соның ішінде жазушы Бауыржан Момышұлына, ауған соғысында қаза тапқан сарбаздарға арнап ескерткіштер қойылған.\n\nСонымен бiрге, паркте қала қонақтары Қазақ халық музыкалық аспаптар музейі (сілтеме – 4-б, 7-т– Музейлер) мен Вознесенский соборын тамашалай алады.\n\nПанфиловшылар паркінің орталығында орналасқан Орыс православиелiк шiркеуiнің Вознесенский кафедралы соборы 1907 жылы салынған. Бұл бірегей ғимараттың (сәулетші-құрылысшы А.П. Зенков) биіктігі 56 м-ді құрайды. Собордың темiр крестері бар 6 басы бар (кеңес уақытында әшекейлері түгелдей жойылған, қазір собор шiркеуге қайтарылғаннан бері әшекейлерді қазіргі суретшілер жаңадан салған).\n\nБұл - әлемдегі ең биік ағаш ғимараттардың бiрi және әлемдегі ең биiк православиелiк ағаш ғибадатхана. Басты күмбездегі крестiң жоғарғы нүктесі 39,64 м-ді құрайды, сол тәрiздi қоңыраудың жоғарғысы – 46 м. Сыйымдылығы - 1,8 мың адам.\n\nҒимараттың басты ерекшелігі - бiртұтас шегесіз салынған ғимараттың өте қатты жер сілкіністеріне шыдамдылығы. 1911 жылы 10-балдық жер сiлкiнiсi болып, бүкіл қала қираған кезде, собордың тек қана күмбез кресi майысқан. Осылайша, ғимарат қалададағы жер сiлкiнiстерiнің барлығына шыдаған.\nҚазақстан тәуелсiздiгiнің монументі\n\nҚазақстан тәуелсiздiгiнің монументі – Алматыдағы Республика Алаңындағы (тұрғындар оны «Жаңа алаң» деп атайды) ескерткiш.Ол 1996 жылдың 16-желтоқсанында Президент Н.Назарбаевтың жарлығына сәйкес ашылған.\n\nКешен шыңында 6-метрлік «Алтын адам» (Алматы қаласының маңайындағы Есік обасынан табылған сақ жауынгерінің бейнесі) мүсіні бар, 28-метрлік стеладан тұрады (сілтеме – 8-б, 4-т – Алматы маңайы). Жауынгердің мүсіні қанатты барыстың арқасында орналасқан.\n\nСтеланың етегінде мүсiндiк топ жасалған, олар: “Дана-Аспан” және “Жер-Ана” аллегориялық фигуралары және құлындардың үстінде отырған екі бала. Стеланың екi жағына жартылай шеңбермен 10 барельеф қойылған, ол ежелгi замандардан бiздiң заманымызға дейінгі Қазақстанның тарихын бейнелейді.\n\nАлматы қонақтары оңтүстік астананың музейлерін тамашалай алады. Олардың ең қызықтысы, жоғарыда аталып өтілген Қазақ халық музыкалық аспаптар музейінен басқа, Қазақстан Республиканың орталық мемлекеттiк музейі және Ә. Қастеев атындағы Мемлекеттiк өнер музейі.\n\nТеатр өнерін жақсы көретіндер көптеген алматылық театрларға бара алады.\n\nСолардың ішіндегі ең танымалдары:\n\n    Абай атындағы Мемлекеттiк академиялық опера және балет театры,\n    М. Әуезов атындағы Қазақ мемлекеттiк академиялық театры,\n    М. Лермонтов атындағы Мемлекеттiк академиялық орыс драма театры (сілтеме – 4-б, 8-т– Театрлар).\n\nАлматы маңайында көптеген табиғи және тарихи ескерткiштер орналасқан. Ол жерлерге қаланың туристтiк фирмалар қызметтерiн пайдаланып баруға болады. Олардың арасында: Медеу мұз айдыны, Шымбұлақ тау шаңғы курорты, Үлкен Алматы көлi, Түрген шатқалы, Есік обасы және тағы басқалар. (сілтеме – 8-б, 4-т – Алматы маңайы).\n', 'https://kazembassy.ru/data/nws/kaz/img_51_20.jpg', 7, 1, 2, 10, 4, 5, 8, 9, '2023-02-06 17:34:52', '2023-02-08 09:46:04', NULL),
(2, 'Алтын Орда қалай құрылды?', 'Алтын Орда – Жошы ұлысында құрылған алғашқы ірі мемлекеттің бірі. 1240 жылдары Русь кінәздіктері жауланып алынғаннан кейін Моңғол империясының батыс бөлігінде орнаған хандық. Қазіргі Ресей, Украина, Молдова, Қазақстан және Кавказдың жерінде орналасқан. Шарықтау дәуірінде Алтын Орда Шығыс Еуропаның Орал тауларынан Днепр өзенінің оң жақ жағалауына дейінгі жерлерді алып, Сібірге терең бойлап еніп жатты. Оңтүстігінде Орданың жері Қара теңізбен, Кавказ тауларымен және моңғол Хулагу мемлекетінің қол астындағы Персиямен шектесті.\nНегізін қалаушы Шыңғысханның немересі, Жошының баласы Батый хан. Астанасы Еділ бойындағы Сарай Бату, кейін Сарай Беркеге көшірілді.\nАлтын Орда атауы орыс деректерінде XVI ғасыр аяғында кездеседі. ‘’Шыңғыснама’’ дерегі бойынша Шыңғысхан Жошыдан туған үш немересі Батый, Ежен, Шайбаниге алтын босағалы «Ақ Орда», күміс босағалы «Көк Орда», болат босағалы «Боз Орда» тіккізеді. Алтын босағалы ордаға – Батыйды кіргізіп, Жошының орнына хан сайлайды. Мемлекеттің атауы осыдан шыққан дейді.\n1227 жылы Жошы хан қайтыс болған соң билік басына Батый хан (1227-1255ж.ж.) келеді. Ол мұсылман деректері бойынша өте әділ болған деседі. Орыс деректерінде Батый Алтын Орданың күш қуатын нығайтқан. 1235 жылы бүкілмоңғолдық құрылтайда Батысқа жорыққа шығу туралы шешім қабылданып, Батый бас қолбасшы болып сайланды. Айтылған жорық жеті жылға созылды. Сүбедей баһадүрдің көмегімен батысқа жаңа жорық бастап, алдымен башқұрттарды, сосын 1236 жылы Еділ Бұлғариясын жаулап алады. 1237 жылы ол Украинаның оңтүстік даласын жаулап, ондағы құмандарды батысқа қарай ығыстырды. Содан ол солтүстікке қарай бұрылып, Руське басып кірді де үш жыл бойы орыс княздықтарын жаулаумен болды. Сол кезде Күйік пен Қадан оңтүстікке қарай жылжыды. Құмандардың батысқа қашып, Мажарстан королінің жерін паналап отырғанын желеу етіп, Бату Шайбан, Орда-Ежен, Байдар және Мөңке сияқты Шыңғыс әулеті мен өз бауырларымен бірге батысқа жорық жасады. Легница және Мухи маңында неміс-поляк рыцарьларынан жиналған әскерімен шайқасып, оларды талқандады. Бірақ 1241 жылы Үгедей хан қайтыс болып, Бату енді ғана қоршап-қамай бастаған Венаны тастап, елге қайтады.\n1242 жылы Мажарстан арқылы жолшыбай Пешт қаласын жаулап, Болгарияны бағындырды. Бату астанасын ежелгі Хазар қағанаты астанасының орнында Еділдің төменгі ағысындағы Сарай-Жүк қаласында орнатты. Содан сәл бұрын Бату мен Орданың бауыры Шайбан Орал тауларының шығысында Обь пен Ертістің бойында өз еншісіне ұлыс алып, сонда кетіп қалған болатын. Негізгі әскерлерді қыпшақтар құрады. Оның тұсында мемлекет Алтайдан Дунайға дейінгі жерлерді алып жатты. Осыдан кейін Шығыс Еуропа, Кавказ, Орыс кінәздіктері моңғолдарға тәуелділіктерін мойындап, Алтын Ордаға салық төлеп тұрды. Сөйтіп 1242 жылы Алтын Орданың негізі қаланды. Мемлекет ұлыстарға, ұлыстар үлестерге бөлінді. Әскери билік беклербектің қолына көшті. Азаматтық басқару билігі түрік әулетінен шыққан «мәлік» деп аталған жергілікті әкімдер арқылы жүзеге асырылды. Ислам дінін қабылдағаннан кейін іс қағаздарын жүргізу жұмыстары түрік жазуымен, дәлірек айтқанда ұйғыр жазуымен жүзеге асты.\nБатыйдан соң билікке келген Берке хан бүкілмоңғолдық құрылтайға қатысудан бас тартып, Алтын Орда дербес тәуелсіз мемлекетке айналды. Берке ханның кезінде Египет сұлтаны Бейбарыспен байланыс күшейді. 1262 жылы екі елдің арасындағы дипломатикалық келісімдер арқылы елшілер келіп жатты. Алтын Орданы одан да әрі күшейту үшін Берке хан Ислам дінін қабылдайды. Әзірбайжан жерінде мешіт салдырады. Берке хан Кавказдағы жорықта қаза тапты. Берке ханнан кейін Меңгу-Темір хан кезінде Алтын Орданың Жерорта теңізіндегі қалалармен сауда-саттық байланысы артып, жоғары деңгейге көтерілді.\nТохты ханның кезінде (1290-1312) мемлекеттің саяси беделі өсті. Иран, Кавказ елдерімен сауда байланысы жанданып, Египет мәмлүктерімен қарым-қатынас орнатылды. Өзбек (1312-1342) пен Жәнібек хандар (1342 -1357) тұсында Алтын Орданың гүлденген шағы. Өзбек ханның тұсында Алтын Ордада Ислам діні мемлекеттік дін ретінде жарияланды. Өзбек хан Сарай Беркеде жаңа ғимараттар мен мешіттер салдырып, қалалық мәдениеттің дамуына көңіл бөлді.\n1357-1380 жылдары 20-дан астам хан тақ үшін таласып, бір-бірін өлтірді. 1380 жылы Алтын Орданың қолбасшысы Мамай сарбаздары Дмитрий Донской бастаған орыс әскерінен жеңіліс тапты. Осы сәттен бастап жарты Еуропаны бағындырған ұлы держава әлсіреп, құлдырауға ұшырайды.\nСоңғы ханы Шейх Ахмед 1502 жылы қаза тапқан соң тарих сахнасынан мәңгілікке кетті. Алтын Орданың орнына күміс босағалы Ақ Орда, Ноғай Ордасы, Сібір, Қырым, Қазан, Астрахань хандықтары келді. ', 'https://qazaly.kz/uploads/posts/2020-06/1591035926_dd0-1000x_.jpg', 4, 1, 2, 9, 2, 4, 5, 7, '2023-02-06 17:34:52', '2023-02-07 16:58:55', NULL),
(3, 'Байқоңыр', 'Molestiae enim doloremque vero reiciendis eos. Provident doloremque sed aut fugit saepe. Dignissimos doloribus omnis esse.', 'https://kazembassy.ru/data/nws/kaz/img_52_52.jpg', 7, 1, 2, 4, 4, 9, 9, 7, '2023-02-06 17:34:52', '2023-02-08 09:46:25', NULL),
(4, 'Круиздік туризмі дамыған Стамбұл', 'Азия мен Еуропаның тоғысқан нүктесі – Стамбұлдың аса маңызды нысаны саналатын Галатапорт Стамбұлдың арқасында қала круиздік туризмнің орталығы аталады. Қаракөй ауданында қалпына келтірілген тарихи мекен Стамбұлдың қарқынды дамып келе жатқан круиздік туризміне әлемнің назарын аударады.\nЖағалауының ұзындығы сегіз мың шақырымнан асатын Түркия Жерорта теңізі бассейніндегі өте әдемі туристік аялдамалар мен сүйікті порттардың мекеніне айналған. Түркияның негізгі круиздік туристік хабтарының бірі ретінде Стамбұл және оның негізгі порты Галатапорт Стамбұл гастрономиядан – саудаға, өнер мен мәдениетке дейін тарихқа және т.б. ерекше және әртүрлі қызыққа құмар саяхатшыларға ерекше тартымды.\nБылтыр Галатапорт Стамбұл 150-ге жуық кеме мен 350 мың жолаушы мен экипаж мүшелерін қабылдады. Ол барлық талғамға ұнайтын саналуан бағдарлама ұсынады. Круиздік туризмнің артқанын көрсететін Стамбұл – көптеген круиздік желілер мен әртүрлі ауқымдағы кемелер тұрақтайтын мекен.\nГалатапорт Стамбұл Жерорта теңізі ойпатынан Қара теңізге дейінгі кең аймақтағы круиздік туризмге үлкен серпін беріп, елдің туризмі мен экономикасына елеулі үлес қосты. 2014 жылы порт аумағы басып алынған кезде порттың негізгі қызметі 15 пайызы болса, Галатапорт Стамбулды өз порты ретінде пайдаланатын кемелердің үлесі қазір 50 пайызға дейін өсті және бұл көрсеткішті одан әрі арттыруға күш салынуда.\nСтамбұлдың ежелгі цистерналарынан алғашқысы – жерасты круиздік терминал\nГалатапорт Стамбулда 29 000 шаршы метр жерасты круиздік терминалы бар, бұл круиздік саяхатшыларға ыңғайлы және қиындықсыз саяхатты қамтамасыз етеді. «Red Dot Design Award» сыйлығын жеңіп алған жерасты круиздік терминалы заманауилық пен мәдени мұра қатар жүретін дизайнымен таң қалдырады. Интерьерде Рим және Византия империяларынан бастау алған Стамбұлдың ескі цистерналарының тарихи сәулеті мен сипаты ерекше.\nБосфордың қақ ортасында ерекше мекен\nКруиздік кемелердің барлық түрлеріне арналған Галатапорт Стамбұл осы аймақтың тарихи және мәдени құрылымымен ерекшеленетін Қаракөйде орналасқан. Жағалауда түрік және халықаралық, ұлттық тағамдар дайындайтын мейрамханалары, өнер орталықтары, жабық және ашық көрмелер бар. Жергілікті брендтермен жақынырақ танысуға мүмкіндік беретін түрлі шаралар, жолаушылар мен экипажға арналған бағдарламалар круиз қонақтары үшін өте маңызды.\nGalataport Стамбұл адам аяғы арылмайтын Қаракөй аймағында, Тарихи түбекке жаяу қашықтықта орналасқан, Ұлы Айя София мешіті, Сұлтанахмет мешіті, Топкапы сарайы және Базилика цистернасы сияқты көрнекті ғимараттар көп. Үлкен базар, дәмдеуіштер базары, Галата мұнарасы, Таксим және Долмабахче де портқа жақын.\nGalataport Стамбұл кешенінде Бейнелеу өнері университетінің Стамбұл кескіндеме және мүсін мұражайы да орналасқан. 19 ғасырда Сұлтан Абдүлмеджид салған және Galataport Стамбұл жобасының бір бөлігі ретінде қалпына келтірілген Топхане сағат мұнарасының орны бөлек. 14 000 шаршы метрге созылатын Сағат мұнарасы алаңында жыл бойы түрлі сахналық қойылымдар, арнайы ашық көрмелер, мәдени іс-шаралар және Бейоглу мәдени маршрут фестивалі сияқты халықаралық фестивальдар өтеді.', 'https://qazaly.kz/uploads/posts/2023-02/1675662784_keme-696x464.jpg', 5, 1, 3, 3, 7, 10, 5, 8, '2023-02-06 17:34:52', '2023-02-08 12:04:11', NULL),
(5, 'Қазақстанда 51 адам коронавирус жұқтырған', 'Өткен тәулікте коронавирус инфекциясын жұқтырған 51 адам тіркелді, деп хабарлайды zakon.kz.\nДенсаулық сақтау министірлігі таратқан 7 ақпандағы мәлімет бойынша, қазір 1 520 адам коронавирус инфекциясынан (–1 372+ және 148 КВИ-) емделіп жатыр, олардың ішінде 121 пациент стационарда, 1 399 науқас амбулаториялық деңгейде ем қабылдауда.\nКВИ+, КВИ- шалдыққандардың арасында:\n7 адамның жағдайы ауыр;\n0 пациенттің жағдайы өте ауыр;\n0 науқас ӨЖЖ аппаратында жатыр.', 'https://zakon-img1.object.pscloud.io/558caa3f8b48432a83102269d9bc18e8.jpeg', 6, 1, 2, 4, 5, 6, 6, 10, '2023-02-06 17:34:52', '2023-02-08 09:46:31', NULL),
(6, 'Тұсау кесу дәстүрі: рәсімді қалай өткізеді', 'Қазақ халқында балаға қатысты наным-сенімдер өте көп. Қазақтар балаға, әсіресе бала тәрбиесіне көп көңіл бөлген халық. Жалпы бала дүниеге келгеннен бастап, есейген шағына дейін 20 шақты әдет-ғұрып жасалады. Қазақ халқы секілді баланы ерекше қадірлеп, көңіл бөлетін халық жоқ десек те артық болмас. Біздің халық сәби дүниеге келгенде Шілдехана жасау, 40 күн толғанда Қырқынан шығару, ат қою, бесікке бөлеу және тұсау кесу секілді ғұрыптарды әлі күнге орындап келеді. Бүгінде сіздерге сол балаға қатысты дәстүрлердің бірі тұсау кесу туралы баяндайтын боламыз.\n\nТұсаукесер – сәби бесіктен шығып, еңбектеуден өткен соң, қаз тұрып, тәй-тәй басқанда жасалатын дәстүр. Бала екі табанымен тұрып, алғашқы қадам жасауға талпына бастаған сәтте дана қазақ “баламыз тез жүріп кетсін” деген ниетпен, сәбидің тұсауын кестіріп, думандатын той жасайды.\n\nЫрымшыл қазақ тұсауы кесілмеген бала сүріншек, болашақта жығылғыш болады деп пайымдайды. Ал тұсауы кесілген бала біреудің ала жібін аттамайтын адал, жолы ашық азамат болады деп санаған. Сондықтан, қаз тұрып, тәй-тәй басып келе жатқан баланың тұсауын кесу бүгінгі күнге дейін жалғасып келе жатқан ескі дәстүр. Тіпті, бұл күнге орай кішігім думанды той жасалады.\n\nДана қазақ баланың тұсауын ала жіппен, малдың тоқ ішегімен және көк шөппен кестірген. Ала жіппен – бала ешкімнің ала жібін аттамасын, ақ пен қараны ажырата алатын, адал азамат болсын деген ниетпен кеседі. Ал малдың тоқ ішегімен кесу себебі, бала бай, дәулетті азамат болсын деп ырымдауында. Сондай-ақ, бала шөптей қаулап өссін, шөп сияқты көгеріп, көбейіп, көктесін, ұрпақты болсын деп ырымдап, тұсауын көк шөппен кеседі.\n\nБір қызығы, қазақ халқы баланың тұсауын жәйбасар, сүріншек адамдарға кестірмейді екен. Баланың тұсауын жиналған көпшілік арасынан шаруаға икемді, елгезек, қимылы ширақ, іске епті қасиеттерімен көзге түсетін қағылез, пысық адам таңдалып алынып, соған кестіреді. Болашақта бала сол адам секілді үлгі тұтарлық азамат болсын деген ниетпен пысық адам таңдайды.\n\nКейде баланың ата-анасы тұсау кесуші адамды ырымдан өздері таңдап жатады. Көбіне баланың тұсауын көп балалы салиқалы анаға немесе абыройы асқан ақ жаулықты әжеге кестіреді. Сонымен қатар, тұсау кесетін адам тұсау кесу дәстүрінің негізгі жабдықтарына кітерін 1,5 метрдей ала жіп мен пышақты өзімен бірге алып кетуі тиіс.\n\nТұсау кесуші әже немесе әйел тәй-тәй басқан баланың аяғына ала жіп байлап жатып:\n\nҚаз-қаз, балам, қаз, балам,\nҚадам бассаң мәз болам.\nКүрмеуіңді шешейін,\nТұсауыңды кесейін.\nҚаз-қаз, балам, қаз, балам,\nТақымыңды жаз, балам,\nҚадамыңды қарайық,\nБасқаныңды санайық.\nҚаз-қаз,балам, жүре гой,\nБалтырыңды түре ғой.\nТай-құлын боп шаба ғой,\nОзып бәйге ала ғой.\nҚаз баса ғой, қарағым,\nҚұтты болсын қадамың.\nӨмірге аяқ баса бер,\nАсулардан аса бер.\nЖүгіре қойшы құлыным,\nЖелбіресін тұлымың,\nЕлгезек бол, ерінбе.\nІлгері бас, шегінбе,- деп өлеңдете отырып, тұсауын пышақпен кеседі.\n\nСодан кейін тұсауы кесілген баланы жайылған ақ матамен немесе кілеммен қолынан жетектеп жүгіртіп, шашу шашады. Ал баланың ата-анасы тұсау кесушіге кәдесін табыстап, арнайы «тұсау кесер» сыйлығын береді. Кейбір жерлерде кілемнің үстіне кітап, қамшы, аспап секілді түрлі заттар қойып, балаға таңдатады. Бала қайсысын таңдаса, сол салаға бет бұрады деп есептейді.\n\nЕскере кететін бір жайт, баланың тұсауын қайшымен емес, пышақпен кесу керек. Қазақ халқы қайшылануды жақсы ырымға баламайтындықтан, баланың тұсауын қайшымен кестірмеген. Сол себептен, ата-бабамыз “баланың өмірі қайшыланып қалмасын” деп, тұсауын қайшы емеменс, пышақпен кескен', 'https://stan.kz/wp-content/uploads/2019/01/tusau-kesu.jpg', 6, 1, 3, 8, 1, 2, 6, 5, '2023-02-06 17:34:52', '2023-02-08 17:03:20', NULL),
(7, 'Боғауыз бен бостандық', 'Тұрпайы сөздерді турасынан айтсақ, еліміздің оңтүстігінде «шешеден», батысында «анадан» «жіберетіні» өтірік емес. Ал екі қазақ жаға жыртысып, үшінші жақтан біреу арағайындық жасап, төбелесті тежеп тұрғандағы боғауыз сөздер туралы айтудың өзі артық. Мұндай ерегес, жеке басқа өтіп, бабасы көрінде тыныш жатқызбай, баласын бейшара ететін анайы сөздер әлеуметтік желіде саусақтың әр қадамы сайын кездеседі. Кешелі бері заң шығарушы орган мұндай өрескелдікті тоқтатуға бағытталған құжатты жұрт талқысына салды. Қоғамдық орында мейлі телефонмен, әлде жаныңда тұрған адамға қарата, тіпті ешкімге бағыттамай-ақ, ауыздан «көк ит» шығарсаңыз 69 мың теңге айыппұл төлеуіңіз ғажап емес. Таңнан кешке дейін тынымсыз жұмыста жүрген бір адамның айлығы. Аз емес, ә?!\n\n«Он күнәнің тоғызы – тілден» дейді қазақ. Ендеше шекені ашу қысып, шайтан түрткенде ауызға ие болып, сабыр қылуды үйренбек керек. Бірақ боғауызды қабылдап алған адам арызданса әлгі ашуыңыз жауапкершіліктен жалтаруға көмектеспейтінін түсіну керек. Дегенмен қайтындаудан, лас сөзден тыйылатын уақыт келгені қашан?! Оның үстіне елге белгілі тарихшы, этнолог Жамбыл Артықбаевтың: «Қай халық көп боқтайды, соған қарап сол елдің сондай құл болғанын, қорлықты көп көргенін аңғартады, – деген сөзі бар. Мұндайда «сонда қазақ қалай боғауызға жақын болды?» деген сауал тууы заңды. Мұны түсіну үшін журналист Нұрбек Бекбаудың жазбасын оқып шыққан дұрыс.\n– Орыстың сұмдық боқтампаз болуының сыры – бұл халық өз байларына бірнеше ғасыр басыбайлы құл, «крепостник» болды. Орыс дворяндары құлды сырттан сатып алған жоқ, өзінің халқын құл қылды. Бай орыс – өзіне басыбайлы кедейге білгенін істеуші еді. Қатынын тартып ап, әбден ойнайтын. Қаласа мұжықты өлтіре салатын, басқаға сататын. Мұндай “издевательство” бірнеше ғасырға созылды. Әлбетте, мұжық дворяндарды жек көретін. Бірақ қылар амалы жоқ. Әлсіз құл боқтаумен ғана өшін алушы еді. Бай жоқта, сыртынан сөзбен небір былапыт айтушы еді. Боғауыздық қорының мол болуының сыры осында екен.\nАл қазақ ше? Қазақ та боқтайды! Шымкенттіктердің «шшс», Адайлардың «әнаңды сс», – деп былапыт айтатыны бар. Бұл бейпіл, арсыз сөз бұрыннан бар ма? Әлде өзбек-сартпен келді ме? Шындығында мұндай боқтық — ХІХ ғасырдың басында оңтүстік өлкені Қоқан хандығы, Маңғыстауды Хиуа әмірлігі жаулап ап, езгіге түсірген заманнан тамыр тартады, – дейді Жамбыл Артықбаев. Атақты шшсосы сарт басқыншыларына деген ғыжыл, зекет жинай кеп, ауылды ойрандап кететін Қоқан, Хиуа әскеріне шамасы келмеген қазақтың қарғысы.\n\nЯғни «шешеңді», «анаңды» деген боқтық сөз сол шарасыз уақыттың естелігі. Олай болса, анаға тіл тигізу дегенді тастайық, бұл құлдың сөзі! Құл ғана боқтайды! Құлда ғана ана, әкенің қадірі жоқ, – дейді журналист.\n\nҚазақ жұртын боқтампаз халықтың қатарына қосқымыз келмесе де, әкесі үлкен жігіт одан кіші туысынан туған ұлды шешеден боқтауға «права» беретін, жазылмаған дәстүр бар. Тарихшының пайымына сенер болсақ, бұл «салт» беріректе өмірге келсе керек. Алайда әкесі кіші адам кез келгеннен боқауыз ести бермейтін тәртіп бар. Бірақ жақын туысы шешеден кетіп жатқанда шыдас берудің өзі оңай емес. Қазалылық Болат Олжасбек солай дейді.\n– Бала кезімде белгілі жағдайларға байланысты рулас ағайынмен араласқан жоқпын. Кейін ес кіргесін оң-солыма қарап, туыстарыммен жиын-тойларға жиі баратын болдым. Бір-екі дастарқандас болып, шежіремізбен танысқаннан кейін, үлкендер тұрпайы боқтауды шығарды. Алғашында ашуға ерік беріп, жаға ұстасып қалған кездерім болды. Кейін ру ақсақалдары мұның ешқандай зілсіз, өзіне жақын тарту ниетімен айтылатын әзіл сөз ретінде қарауға шақырды. Әрине, айтылған сөз, атылған оқпен тең екенін ұғынып, сөздің салмағын біле тұра, бұған бірден көндігіп кеттім деп айта алмаймын. Маған ағайынмен сыйласу маңызды екенін, бірақ боғауызсыз араласқым келетінін де қадап айттым. Кейбір мінезді ағаларым мұныма пысқырып та қарамады. Бірақ қазір жаныма жақын болып кеткен туыстарыма ренжи де алмаймын. Ебін тауып өздерін боғауызбен орғытып алудың амалын, айласын іздейтін болыппын. Қалай десек те, әзіл – әзілімен. Былапыттың жақсысы жоқ. Бірақ мұны рулас ағаларыма түсіндіріп көріңіз, – дейді ол.\n\nЕкеуара әзіл түсінісетіндер ештеңе емес, біреудің аузын аңдығандар полицей шақырып, боқтампазға 70 мың теңгеге жуық айып арқалатады енді. Оны төлеуге шамасы келмеген адам 30 тәулікке темір торға тоғытылады. Алыпқашпа әңгіме екен десеңіз, дәлел дебар.\n– Бұған дейін ұсақ бұзақылыққа 17 мың теңге шамасында айыппұл салынатын немесе 15 тәулікке қамауға алынатын. Енді жауапкершілік күшейеді. Өзгерістер бойынша ұсақ бұзақылыққа қоғамдық орындарда балағат сөздер айту, жеке тұлғаларды қорлау және оларға қысым көрсету, ғимараттарды, көліктегі және қоғамдық орындардағы мүлікті қорлау, қоғамдық тәртіпті және жеке тұлғалардың тыныштығын бұзатын басқа да әрекеттер кіреді, – дейді ҚР ІІМ Әкімшілік полиция комитетінің басқарма бастығының орынбасары Азамат Құрымбаев.\n\nАйта кетейік, Әкімшілік құқық бұзушылық туралы кодекске енгізілген бұл өзгерістер наурыз айында күшіне енеді. Қысқасы, боқтық сөзді тыюға қатысты органның екі елі ауызға төрт елі қақпағы осылай бекітілмек.', 'https://qazaly.kz/uploads/posts/2023-01/1673504621_12.jpg', 4, 1, 3, 6, 8, 8, 3, 10, '2023-02-06 17:34:52', '2023-02-07 17:53:59', NULL),
(8, 'ҚАН МЕН ТЕР. АҚБАЛА', '«Қан мен тер. Ақбала» спектаклі 1974 жылы режиссер Әзербайжан Мәмбетов қойған «Қан мен тер» спектаклінің ремейкі болып табылады; дегенмен аты аңызға айналған роман-трилогияның бүгінгі сахналық нұсқасы бұрынғысынан өзге: бұл жерде адамзаттық құндылықтарға, кейіпкерлердің жеке қарым-қатынастарына баса назар аударылады, сөз – Ақбала, Еламан, Тәңірберген арасындағы махаббат үштігі және адам азып, қоғамның қабырғасы сетінегенде табиғаттың тылсымнан үн қататыны жайында.', 'https://i.ytimg.com/vi/MmcwOuaNrnI/maxresdefault.jpg', 5, 1, 2, 10, 3, 7, 10, 10, '2023-02-06 17:34:52', '2023-02-07 17:15:06', NULL),
(9, 'Хоккей: Әлем чемпионатында Қазақстан құрамасы ірі есеппен жеңіске жетті', 'Қазақстан құрамасы Софияда шайбалы хоккейден 18 жасқа дейінгі қыздар арасындағы 2018 жылғы әлем чемпионатында ІІ дивизионның В тобында Жаңа Зеландия құрамасын ұтты, деп хабарлайды Egemen.kz Prosports.kz-ке сілтеме жасап.\nҚазақстандықтар қарсыластар қақпасына жеті гол соғып, бір гол өткізіп алды.\nЖеңімпаздар арасында София Зубкова покер авторы атанды, Мадианна Нүсіпова өз есебіне дубль жазды.\nЕкі турдан кейін 6 ұпаймен Қазақстан құрамасы турнирлік кестені жалғыз өзі бастап келеді. 29 қаңтарда Мария Федоренконың шәкірттері Бельгиямен ойнайды.', 'https://janalyq.kz/wp-content/uploads/2020/06/1698521.jpg', 5, 1, 2, 7, 6, 1, 6, 2, '2023-02-06 17:34:53', '2023-02-07 16:47:44', NULL),
(10, '«Сбербанк Қазақстанның» атауы өзгереді', 'Нұр-Сұлтан. 13 қыркүйек. 7kun.kz –«Сбербанк Қазақстанның» атауы «Береке банк» болып өзгереді. Бұл туралы «Бәйтерек» ұлттық басқарушы холдингінің басқарма төрағасы Қанат Шарлапаев айтты, деп хабарлайды 7kun.kz.\n\nОның айтуынша, ресейлік «Сбербанктен» сатып алынған Қазақстандағы еншілес банкке ребрендинг жасалып, атауы өзгермек.\n\n«Ребрендинг міндетті түрде болады. 1 қыркүйекте меншік құқығын беру транзакциясын жаптық. Жаңа банк «Береке банк» деп аталады. Қазақша жақсы сөз, мұны барлығымыз бір-бірімізге тілейміз. Сондықтан бұл банк бұған дейін жұмыс істеген құндылықтар мен ұмытылысты көрсетеді деп ойлаймын және әрі қарай да солай жұмыс істейді деп үміттенеміз», – деді Шарлапаев журналист Дмитрий Шишкинге берген сұхбатында.\n\n2022 жылдың 2 қыркүйегінде «Бәйтерек» Ұлттық басқарушы холдингі «Сбербанктің» еншілес банкінен барлық акцияларын сатып алу бойынша мәмілені аяқтағаны белгілі болды. \n\nМәміле өзара қолайлы қаржылық шарттармен жасалып, барлық қажетті реттеушілік мақұлдаулардан өткені хабарланды.\n\n«Банк клиенттер алдындағы барлық міндеттемелерін орындауды жалғастырады, қолданыстағы клиенттер үшін банк өнімдерінің барлық шарттары өзгеріссіз қалады.\n\n«Бәйтерек» холдингі банктің елдің қаржы жүйесі үшін маңыздылығын жоғары бағалайды. «Сбербанк Қазақстан» қолжетімді заманауи инфрақұрылым мен технологиялар іс-шараларды толық жүзеге асыруға және ел экономикасының нақты секторын қаржыландыруды жалғастыруға мүмкіндік береді», – деді холдинг өкілдері.', 'https://7kun.kz/wp-content/uploads/2022/04/%D1%81%D0%B1%D0%B5%D1%80%D0%B1%D0%B0%D0%BD%D0%BA.jpg', 3, 1, 2, 4, 9, 10, 8, 6, '2023-02-06 17:34:53', '2023-02-07 16:36:06', NULL),
(11, 'Қазақстанда ескі несиелер кешіріледі', 'Нұр-Сұлтан. 20 шілде. 7kun.kz – Қазақстанда несие портфелін 90-шы жылдардағы реттелмеген несиелер кезіндегі уақыты өткен қарыздардан тазалау көзделіп отыр. Елдің Бюджет кодексіне «Өндіріп алуға үміт жоқ қарыз» атты ұғым енгізіп, ол бойынша қарыз алғандарға қойылатын талапты жою ұсынылды, деп хабарлайды 7kun.kz.\n\n«Қарызы бар адамдардың заңды мәртебесі туралы қандай да бір ақпарат жойылған. Әділет министрлігінің базасында да мәлімет жоқ. Осыған байланысты, қарыздарды өндіріп алу бойынша одан әрі жұмыс істеу мүмкіндігі жоқ. Сондай-ақ, қарызды қазіргі бюджет заңнамасы бойынша да өндіріп алу мүмкін емес», – делінген ашық НҚА порталында.\n\nБұл халыққа берілген несие емес (жеке тұлғаға емес), 90-шы жылдары мемлекет тікелей бизнеске берген бюджеттік несие туралы айтылған. Яғни, ҚР әкімдіктері мен үкіметінің кепілдігімен берілген директивалық несиелер, меншікті айналым қаражатын толықтыруға арналған несиелер және басқа да несиелер жайлы айтылған.\n\n«Қазір нақты бір соманы айту мүмкін емес, өйткені, қарыз алғандарды және растайтын құжаттарды іздеп жатырмыз. 2022 жылдың 1 қаңтарындағы жағдай бойынша реттелмеген қарыз көлемі 120 миллиард теңге болған», – деп хабарлады Қаржы министрлігінде.\n\nМинистрлік өкілдерінің айтуынша, бұл процесті жүзеге асыру үшін республикалық бюджеттен қосымша қаржы қажет емес. Талапты тоқтатуға негіз болатын құжат әлі заң бойынша көрсетілмеген.', 'https://7kun.kz/wp-content/uploads/2019/09/1563098090_1506329362_-nalichnymi.jpg', 3, 1, 3, 5, 9, 2, 5, 1, '2023-02-06 17:34:53', '2023-02-07 16:37:11', NULL),
(12, 'Тоқаев Путинмен телефон арқылы сөйлесті', 'Қасым-Жомарт Тоқаев Владимир Путинге мамыр айының ортасында Мәскеуде өтетін Ұжымдық қауіпсіздік шартына қатысушы мемлекеттер басшыларының мерейтойлық кездесуіне қатысуға шақырғаны үшін алғыс айтты. Мемлекет басшысы Қасым-Жомарт Тоқаев Ресей президенті Владимир Путинмен телефон арқылы сөйлесті, – деп хабарлады Ақорданың ресми сайты.\n\nПрезиденттер сауда-экономикалық саладағы Қазақстан мен Ресей арасындағы ынтымақтастықты дамытудың қазіргі жағдайын егжей-тегжейлі талқылады.\nМемлекеттер басшылары екі елдің үкіметтеріне жедел шешуді қажет ететін мәселелерге назар аударуды тапсыруды ұйғарды.Қасым-Жомарт Тоқаев Владимир Путинге мамыр айының ортасында Мәскеуде өтетін Ұжымдық қауіпсіздік шартына қатысушы мемлекеттер басшыларының мерейтойлық кездесуіне қатысуға шақырғаны үшін алғыс айтты.', 'https://aikyn.kz/wp-content/uploads/2022/04/original.jpg', 6, 1, 3, 5, 8, 7, 4, 9, '2023-02-06 17:34:53', '2023-02-08 17:02:51', NULL),
(13, 'Қазақстан мен Мажарстан екіжақты ынтымақтастықты нығайтады', 'Будапешт қаласында экономикалық ынтымақтастық жөніндегі Қазақстан-Мажарстан үкіметаралық комиссиясының 8-ші отырысы өтті, деп хабарлайды Egemen.kz Ұлттық экономика министрлігінің баспасөз қызметіне сілтеме жасап.\nҰЭМ басшысы үкіметаралық комиссияның отырысын аша отырып, ҚР Үкіметі атынан жиын қатысушыларына ілтипат білдірді және шараны ұйымдастырудың жоғары деңгейін атап өтті.\n«Біз өзара тиімді және нәтижелі ынтымақтастықты нығайтуға дайынбыз. Елдеріміз арасындағы тауар айналымы артып келеді. Біз өзара сауданы ұлғайту үшін барлық күш жігерімізді салуымыз керек», деді Ә.Қуантыров.\nМинистрдің айтуынша, Қазақстан жеткізілетін тауарлардың көлемін ұлғайтуға және тауар номенклатурасын кеңейтуге дайын. Өткен жылы елімізде тамақ, жеңіл және химия өнеркәсібі, машина жасау, фармацевтика, мұнай өңдеу және т.б. салаларда кәсіпорындар іске қосылды. Жалпыұлттық пул шеңберінде 2022 жылы $4,2 млрд құрайтын 160 жоба жүзеге асырылды. Жаңадан 15,7 мың тұрақты жұмыс орны ашылды.\n«Қазақстанның транзиттік әлеуеті жоғары. Оны одан әрі дамыту мақсатында 2030 жылға дейінгі тиісті Тұжырымдама әзірленді. Оның мақсаты - тауарларды жеткізу жылдамдығын арттыру, халықаралық транзиттік-көлік дәліздерінің және логистикалық терминалдардың өткізу қабілетін жоғарылату», деді министр.\nОның сөзінше, аталған шаралар Қазақстанның транзиттік әлеуетін дамытуға да, Қазақстан арқылы Мажарстан мен Қытай арасындағы екіжақты саудадағы маңызды көлік бағыты болып табылатын «Захонь порты» жобасын дамытуға да ықпал ететін болады. Бүгінде Қазақстан мен Мажарстан үкіметтері арасында әуе көлігі туралы келісім жасасу бойынша жұмыстар жүргізіліп жатыр. Ол азаматтық авиация саласындағы ынтымақтастықты кеңейтуге мүмкіндік береді.\n«Бүгінде Қазақстанда венгр капиталының қатысуымен 32 кәсіпорын жұмыс істейді. Сондай-ақ ауыл шаруашылығы, сауда, құрылыс, тау-кен өнеркәсібі салаларында бірлескен 39 компания құрылды», деді ҰЭМ басшысы.\nМинистр мажарстандық тарапқа Қазақстандағы перспективалық инвестициялық жобаларға қатысуды ұсынды.\nБұдан басқа, жиын барысында үкіметаралық комиссияның алдыңғы 7-ші отырысы шеңберінде қол жеткізілген уағдаластықтардың қорытындылары қаралды. Бұдан бөлек, сауда, қаржы, ауыл шаруашылығы, көлік, энергетика, IT, экология, білім беру және денсаулық сақтау салаларындағы ынтымақтастық перспективалары талқыланды. Жалпы, тараптар екіжақты ынтымақтастықты одан әрі кеңейтуге дайын екендіктерін білдірді.\nОтырыс қорытындысы бойынша энергетика, білім, бизнес және т.б. салалардағы өзара түсіністік және ынтымақтастық туралы 9 Меморандумға қол қойылды.\nСондай-ақ ҚР Ұлттық экономика министрі мен Мажарстанның Қаржы министрі БАҚ өкілдері үшін бірлескен брифинг өткізді.', 'https://egemen.kz/media/2023/01/28/0b3bebe1c454e33e8218767168eb6d6d_1280x720.jpg', 4, 1, 2, 4, 7, 10, 7, 2, '2023-02-06 17:34:53', '2023-02-08 09:50:55', NULL),
(14, 'Алматыда доллар қанша теңгеден сатылып жатыр', '\n\nҰлттық банктің 7 ақпандағы ресми бағамы – 1 доллар 457.7 теңге, деп хабарлайды .\n\nҚазіргі уақытта Алматының ақша айырбастау пункттерінде доллардың сату бағамы – 457 теңге, сатып алу – 460,5 теңге.\n', 'https://almaty.tv/news_photo/1675754308_news_b.webp', 8, 1, 1, 1, 9, 6, 6, 3, '2023-02-06 17:34:53', '2023-02-08 12:08:07', NULL),
(15, '«Сырға салу» рәсімі жайлы не білеміз? ', 'Құдалық – екі жастың ғана емес, екі отбасының, қала берді екі рулы елдің бір-бірімен туыстасуына дәнекер болатын дәс­түр. Ол қызға сырға салудан басталады. Ел арасында бесікте жатқан бүлдіршіннің құлағына сырға тағып, құда болуға уәделе­сетін ата-аналарды да кездестіруге болады. Салтымызда мұны «бесік құда» немесе «белгі салу» деп атайды.\n\n \n\nҚұда түсетін қыздың құлағына тек алтын сырға тағылады. Мейлі, ол сәби болса да. Өйт­кені, қазақ халқы қыз баланы алтынға балаған. Құдалар жағы көңіліне жаққан қызды келін етіп түсіргенше «ол біздің алтынымыз» деп айтып отыратын болған. Осы ретте қыз балаға не себепті ерте жастан құда түскен деген сұрақтың туындары анық.\n\n– «Сырға салу» дәстүрі қарлығашта­ры­мыз­дың ерте жастан үй шаруасына араласып, әйел адамның міндеттерін үйренуіне жол ашатын болған. Әрі бұл оның бой жеткенінде басқа үйдің түтінін түтетуге психологиялық жағынан дайындалуына да септігін тигізген. Айттырылып қойған қыздар ұзатылғанша үкілі бөрік киіп жүрген. Айта кету керек, егер де қалыңдықтың әкесі келісімді бұзса, ол қызының үкісі мен сыр­ғасын қайтарып қана қоймай, айыппұл тө­леген, – дейді Сайрам ауданы Ақсукент ауылының тұрғыны, келін түсіріп, қыз ұзатқан ардақты ана Айбүбі Қаңлыбайқызы.\n\n«Қыздардың құлағына алтын сырға» деген сөз көбіне бойжеткен бикештерге қарата ай­ты­­лады. Өйткені, осы кезде олар өздерінің жү­ріс-тұрысына мән беріп, бойларын жат қы­лықтардан ау­лақ ұстауы тиіс деп саналған. Тіпті, сырғасының сылдырын естіртпей жүруі керек болған. Қыз балалардың құлағын тесудің бір сыры осында жатса керек.\n\nЖалпы, сырға салу – келін түсіруге арналған жөн-жоралғылардың ең алғашқысы. Халқымыз атастырылған қыздың құла­ғына кез келген сыр­ғаны тақпаған. Оны арнайы зергерлерге соқтырып дайындаған. Қазіргі таңда ұлттық өнеріміз заман ағымына сай жаңаша бағытта дамып, қалыңдықтардың құлағына тағы­ла­тын сырғалар сақинасымен бірге жаса­лынуда. Зергерлік дүкендерден олардың түр-түрін табуға болады. Тіпті, олардың гауһар тастармен көмкеріп безендірілген әшекейлерін де кездестіресіз.\n\nСырға салу дәстүрін орындау үшін ең алды­мен қыздың үйіне жігіт жағынан бірнеше адам келіп, қалыңдықты алып кететін күнді белгілейді. Қыздың ата-анасы бұған арнайы дайындалып, мал сойып, құдаларды құрметпен күтіп алып, шығарып салады. Қазақ халқы ұзатылатын қыз­­дың құлағына сырғаны кез келген адамға салдырмаған. Оның келін болып түскен жұртына тастай батып, судай сіңуі, сыйлы болуы міндет саналған. Яғни жас келін болашақта сол секілді өнегелі болсын деп ырымдаған. Қыздың жеңгелері құдаларға қалыңдықты көрсетіп, көрімдік алған. Осы кезде жігіттің жеңгелері «құлағың жамандықты естімесін» деп қыздың құлағына алтын сырға тағып, бетінен сүйген. Еліміздің кей өңірлерінде бұл дәстүр «сырғалық» деп аталады.\n\nЖалпы, қызды ұзату рәсіміне дейін іске асырылатын бұл дәстүр әлі күнге дейін ұлттық бояуын жоғалтқан жоқ.', 'https://cdn.nur.kz/images/1120/d3050457a5928976.jpeg', 7, 1, 2, 1, 1, 1, 1, 11, '2023-02-06 17:34:53', '2023-02-07 17:56:30', NULL),
(16, 'Тоқаев Дүниежүзілік денсаулық сақтау ұйымының басшысымен кездесті', 'Президент Тедрос Адханом Гебрейесуске екінші жаңа QazCoVac-P вакцинасы туралы айтты.\nҚасым-Жомарт Тоқаевтың Швейцария Конфедерациясына ресми сапары ДДСҰ Бас директоры Тедрос Адханом Гебрейесуспен кездесуден басталды, деп хабарлайды Ақорданың баспасөз қызметі.\nӘңгіме барысында Қазақстан мен ДДСҰ арасындағы ықпалдастықтың өзекті мәселелері мен перспективалары талқыланды. \nМемлекет басшысы Бас директорға еліміздің пандемияға қарсы іс-қимылдар жөнінде қабылдап жатқан шаралары, оның ішінде қазақстандық ғалымдардың коронавирусқа қарсы әзірлеген препараттары мен халыққа жаппай вакцина салу жұмыстарының жүргізілу барысы туралы мәлімет берді.\nҚасым-Жомарт Тоқаев Тедрос Андханом Гебрейесуспен бұған дейінгі кездесулерін еске ала отырып, Дүниежүзілік денсаулық сақтау ұйымы Қазақстанның сенімді әріптесі екенін атап өтті. \n— Біз Сіздің Дүниежүзілік денсаулық сақтау ұйымын дамытуға қосқан үлесіңізді жоғары бағалаймыз. Өкінішке қарай, әлем күрделі кезеңді бастан кешіріп жатыр. Қазір коронавирустің жаңа штаммы — «Омикрон» анықталды. Біз індетпен күресте әрдайым бірге болуымыз керек, — деді Президент. \nҚасым-Жомарт Тоқаев Тедрос Адханом Гебрейесуске екінші жаңа QazCoVac-P вакцинасы туралы айтты. \nАталған препарат клиникалық зерттеулер фазасына кандидат вакциналар тізіміне енгізілді. \nПрезидент қазақстандық вакцинаға қолдау көрсеткені үшін ДДСҰ басшысына алғыс айтты. \nМемлекет басшысы ДДСҰ-ның вакцинаға тең құқықты және әділ қолжетімділікті қамтамасыз етуге ұмтылысын толық қолдайтынын атап өтіп, қазақстандық вакцинаны мұқтаж елдердің бәріне ұсынуға дайын екенін айтты.\nКездесуде халықтың денсаулығын жақсарту үшін халықаралық күш-жігерді жұмылдыру қажет екені айтылды. \nОсы ретте Мемлекет басшысы денсаулық сақтау жүйесіндегі екі маңызды – алғашқы медициналық-санитарлық көмек пен денсаулық сақтау саласында көрсетілетін қызметпен халықты жаппай қамту бағыттарын біріктіру туралы ұсынысын жеткізді. \nТедрос Андханом Гебрейесус Қасым-Жомарт Тоқаевтың ДДСҰ-ның мақсаттары мен іс-қимылдарына, соның ішінде алғашқы медициналық-санитарлық көмекті дамытуға байланысты бастамаларына бейілділігі үшін қолдау білдірді.\nҰйымның Бас директоры Президентке өз кезегінде Қасым-Жомарт Тоқаевқа коронавирусқа қарсы күрес жөнінде қабылданып жатқан шаралар, вирустың жаңа штамдары және пандемияның одан әрі өршу сценариіне қатысты болжамдар туралы мәлімет берді. \nТедрос Андханом Гебрейесус осы өлімге соқтыратын аса қауіпті індетпен күресте вакцина салудың аса маңызды екенін атап өтті.', 'https://sn.kz/cache/imagine/730x410/uploads/news/2021/11/29/61a4b0fbb2525335658548.jpg', 5, 1, 3, 4, 8, 10, 5, 6, '2023-02-06 17:34:53', '2023-02-08 05:04:02', NULL),
(17, '\nЗеллер пьесасы және бүгінгі сахна\n', 'Француз драматургінің отбасы құндылығын биіктетуге үн қосқан спектаклі өз уақытында Парижде, Лондонда, Нью-Йоркте, Мәскеуде, Сиднейде, Гонконг театрларында қойылып, драматургияның ірі табысы ретінде бағаланып, күні бүгінге дейін режиссерлер қауымын қызықтырумен келеді екен. Әлемді адымдап жүріп қазақ елінің сахнасына да жеткен Флориан Зеллердің атақты пьесасының желісімен «Жан әке» атауын иеленіп, М.Әуезов атындағы Ұлттық драма театры жарыққа шығарған бетте «жақсыны көрмекке» деп ағылған көрермендер қатарынан біз де орын алуға қамдандық.\n\nБір үйдің төрт қабырғасының ішін­де болып жатқан оқиға ойдан шыға­рылған дүние емес, әр адамға таныс. Ата-анасын, бауыр-баласын, ағайын-туысын қадірлейтін қазақ үшін жанына тіпті жақын тақырып. Жаһандық ауқымды өзгерістің жерге түскен жа­рық­шағы отбасында күн сайын болып жататын елеусіз оқиғалардан көрініс табатынын пьесадағы әке мен қызының күрделі қарым-қатынасы сипаттаған. Адамгершіліктен ажырап, екіжүзді, түйсіксіз тобырға айналып бара жатқан ұрпақтың құлақ-көзі маталған. Өмірдің мәні қызық кешіп, байлыққа кеңірдегінен батып, тек өзі үшін тіршілік кешу деп түсінетін жастарды толқын-толқынымен тудырып жатқан жаһандану өзгерісі ең алдымен, әр жекелеген адамның өз бойында, санасында өрнек салады. Пьесаның бас кейіпкері Ақсақалдың образына жинақталған осы идея желісі адамзаттың бір бөлшегі іспетті қазақ қоғамының да бірталай шындығын баян­дауды мұрат тұтқан.\n\nАқсақал қартайған, жады тозған, ақыл-есінде ақау бар. Сырқатына қа­рай сөзі де, жүрісі де өзгерген. Ақ­са­қал­дың шын сөзі қайсы, өтірігі қайсы, болжап білу мүмкін емес. Сыр­қатқа ұшыраған санасымен үй ішінде өзіне қарсы жасалып жатқан әре­кетті, өзгерісті өзінше пайымдайды. «Ас­танаға кетемін» деп қорқытатын қызын жақсы көреді, үйін жақсы көреді, өзі тұрған қаланы жақсы көреді, «Астана суық қой, барса, тоңып қалады ғой» деп қызының денсаулығына алаңдайды, бір сөзбен айтқанда, жүрегі жұмсақ, жаны ізгі қазақтың қариясы. Сана сәулесінің өшіп бара жатқанына қарамастан қарияның рухы мықты, өзін әлі де тың, мықтымын, керекпін деп ойлайтындықтан, жалдап берген кү­тушіні де қажетсінбей, жала жауып, үйінен қуып жібереді.\n\nАлпыс жыл отасқан жарынан айы­рылып, өткеннің бәрін ұмытып, өзін жоғалтып жалғыздыққа бой алдырған Ақсақалдың бар сүйеніші үлкен қызы Айжан еді. Әкесінің ұмытшақтығынан мезі болып, жеке басының бақытын ойлаған Айжан ерінің қысымымен үйді сатып, әкесін Қарттар үйіне өткізіп, құтыл­ғанша асық. Спектакльдің со­ңына дейін Айжанның аяушылық сезімі оянып, әкесін алып қалатын болар деген үміттің жетегінде отырасың. Осы тұста актерлердің аз ғана шоғырына құрылған спектакльде көп кейіпкердің болмағанына қуаныш білдіруге тура келеді. Әйтпесе мына «жындыхананың» ішінен көрермен де ақылынан адасып шығар еді. Бас-аяғы бес кейіпкер сахнаға кіріп-шыққан сайын көрермен бірте-бірте өз ақылының дұрыстығына күмән келтіре бастайды. Пьесаның діттеген мақсаты да сол болуы керек – өтірік пен шынның шекарасының қай жерден шайылып кеткенін көрермен біле алмай дал. Ақсақалдың қайта-қайта жоғалтып, тауып алып жүретін сағаты біреу ме өзі, екеу ме, қызы ажырасқан ба, әлде отбасылы ма, ол Астанаға ке­те ме, әлде қала ма, қарияның күйеу­ба­ласы бар ма, жоқ па? Көрермен мидай араласып сапырылысқан өтірік пен шынның ішінен ия Ақсақалдың, әлде өзінің шатасқанын біле алмай, тақтайдай тегіс жерде миына салмақ салатын сансыз сауалдың құрсауында қалады. Терең психологизмге құрылған драманың бас кейіпкері Ақсақал – Болат Әбділмановтың бір көңіл күй ахуалынан басқа күйге тез ауысатын шебер­лігінен қарап отырған адам «жын­ды» болып, әупірімдеп оқиға ізінен адасып қалмауды ғана ойлайды.\n\nКез келген пьесаны сахнаға шығарар алдында бір ғана сұрақ маңызды болса керек-ті: «Бұл драма бүгінгі күн үшін өзекті ме?» Әрине, өзекті. Туыс­тар арасындағы бірлік, татулық, әке мен бала арасындағы түсіністік, отбасы бүтіндігі дәстүр мен салтынан айнымаған ұлтымыз үшін қай кезеңде де күйіп тұрған мәселе. Бірақ мәселенің туындауы аз, «Ол сахнада қалай көрініс тапты?» деген сұрақ одан да гөрі өткір қойылуы керек. «Әкем Альцгеймер ауруына ұшырап, ақылынан алжасса, менің әрекетім қандай болар еді? Шыдамдылық таныта алар ма едім, әлде Айжан сияқты бағусыз-қағусыз қалдырып, шімірікпей Қарттар үйіне апарып берер ме едім?» деген сұрақты көрермен өзіне қоя алды ма?\n\nРас, Ақсақалдың рөліндегі театрдың белді әртісі Болат Әбділмановтың иы­ғына жүктің ауырлау жағы түскен. Ми жұмысы бәсеңдеген бас кейіпкер құрдымға өзін ғана емес, көрерменді де тартып алып бара жатыр. Қорқынышты. Өзінің кім екенін білмеген шала-жансар санасымен шындық іздейді. Жоқ. Күтуші Ибагүл – белгілі актриса Гүл­шат Тұтова. Жасы жер ортасына келгенде науқас адамның «ұры» атандырып, намысына тиіп қорлағанынан қажыған. Ауруды баққанша, басы ауған жаққа, өзінің үйреншікті жатақ­хана­сына кеткені жақсы. Айжан қызды жас актриса Майра Әбсадықова ойнап жүр. Перзенті болған соң әкесін қимайды, бірақ бақытты болуына бөгет болып тұрған әкені пара беріп үйден аластап жіберді. Оның ері Қабыл – Бауыржан Манжігітов нағыз Абылдың өзі. Көкейін ақша мен дүние тескен мерез. Әлеуметтік қызметші Лола – Айша Ағымбай, иненің көзінен өтетін пысықай ақысын берсең, қай істің де парша-паршасын шығаруға әлекедей жаланып тұр. Рөлдегілердің бәрі де өзіне белгіленген мақсатты қарымына қарай орындап жүр. Бірақ...\n\nТап осы пьесаның өзге елдің театр­ларындағы нұсқасының қалай жүр­гені бізге белгісіз, бірақ нақ осы қа­зақ тіліндегі желінің драматургия жа­ғынан да, режиссурасы жағынан да осал дайындалғаны соқырға таяқ ұстатқандай көрініп тұр. Тар бөлмеде шарықтамай, қайырлап қалған өрісі шектеулі оқиға желісі қанша күтсек те, шымыр, селт еткізетін сергек сах­наларға ауыспай қойды. Оқиғаның тамырына қан жүгіртіп, қозғау салатын жалғыз-ақ деталь – Айжанның көзінше сыпайылау түр танытып, әйелі есіктен шыға бере, «әй, шал» деп жуан жұдырығымен Ақсақалды төмпештеп алатын әпербақан күйеубаланың екіжүзді әрекеті. Әкесі мен қызының ұзын-сонар диалогінің арасында ақырып-бақырмай-ақ, суайттарға тән сыбыр дауысымен қарияны соққының астына алатын Бауыржан Манжігітовке рахмет. Бірақ жас жігіттің әкесіндей адамды сабап жатқаны «сұмдық» деп жаға ұстататындай емес. Себебі үй үшін болып жатқан оқиғада кісіні сен­діретін терең мазмұн жоқ. Орынды-орын­сыз қолданылатын әндердің көптігі, шетелдікке күйеуге шығатын қазақ қызының мәселесі мазмұн үстемелей алмайды, керісінше, мұның бәрі құр күңірену, құрғақ ақыл айту, арзан насихат болып шыққан. Пьесаның жалпы композициялық құрылымымен үйлесім таба алмай, айдалаға қарап, көркемөнерпаздардың ойынына ұқ­саған қарабайырлыққа ұшыраған.\n\nПьесаны Қазақстанның халық әртісі Тілектес Мейрамов аударған. Ал сах­налық нұсқасын Болат Әбділманов дайындаған. Қоюшы-режиссер – Асыл Құдайбергенов. Бірақ француз дра­матургінің пьесасы шектен тыс қа­зақыланып кеткен. Тіпті «Жан әке» деген жап-жақсы атауды не себепті жалаң, жұпыны саналып, жанына жақша ашып «Қазағым, қайда барасың?» деп, жалғаспалы-жапсырма сөздің не мақсатты көздеп жазылғаны түсініксіз. Спектакль атауының бояуын қоюлатқаннан гөрі режиссерлік ізденісті ілгерілетіп, пьесаның түбін қаза түскенде пайдалы ой көмбесін алып шығар ма еді. Ал мұнда режиссерлік жұмыс мүлде көрінбейді.\n\nСпектакль соңы «хэппи энд». Қарт­тар үйіндегі қарияның ажалын күтіп, ақыреттік сапарына аттанды­рып, спектакльді аяқтаймыз ба деп отыр­ғанда, Ақсақал төсегінен атып тұрды. Аяқ астынан өзі қуып жіберген күтуші Ибагүл пайда бола қалып, «екі жарты, бір бүтін» жаңа өмір бастамақ ниетпен гүлденген ауылға аттанып ба­рады. Француз драматургінің шы­ғармасында «Жаңа Қазақстан» қайдан жүр?» деп ойлап үлгергенімізше, қол ұстасып ауылға барған қос мұңлық жерге жата қалып топырақ сүйіп, тал-терекке ақтық шүберек байлады. Режиссердің уайым-қайғысы көп күрделі өмірде көрерменге үміт сыйлап, қойылым соңын жақсылықпен түйіндеуді мұрат тұтқан шешімі, бәлкім, дұрыс та болар. Бірақ астың дәмін келтіретін тұз да, таңдайды тәтті ететін шәрбат та мөлшерінен артық болса, ағзаға зиянын тигізеді. Тап осы «Әке» сценарийімен кинода бағын сынап, «Оскарды» алты бірдей аталым бойынша жеңіп алған әйгілі Зеллер ғайыптан тайып театрымызға келіп, мына қазақы хикая­ны көрсе, арқамыздан қағып алғыс айтар ма еді, әлде қандай ойдың билігінде тұрар еді? Бәрінен де сол қызық...', 'https://auezov-theatre.kz/media/news/1424/conversions/main.jpg', 5, 1, 3, 2, 3, 3, 3, 4, '2023-02-06 17:34:53', '2023-02-08 05:03:58', NULL);
INSERT INTO `posts` (`id`, `title`, `body`, `photo`, `views`, `status`, `privilege`, `user_id`, `category_id`, `region_id`, `city_id`, `district_id`, `created_at`, `updated_at`, `deleted_at`) VALUES
(18, 'Үш жүздің рухани ұстазы болған баба', 'Талайсыз уақыттың емін тарих ғана тапқан деседі көне дүние кемеңгерлері. Уақыт пен адамның қадірін түсіну үшін самайыңды ақ шалып, көзіңнің қарауытуы керек емес екен. Ол үшін сергек ақыл, саналы ой болса жеткілікті. Бала күнімде ауыл шетіндегі үлкен күмбезбен көмкерілген, шығыстық стилге тән өзіндік ерекшелігі бар, төбесі ашық көк түспен боялған әрі биіктен менмұндалайтын кесенеге көп қарайтынмын. Үйіміз ауылдың шетінде болғаннан болар бәлкім, бар назарым сол бір алыстан күнмен шағылысып көрінген нәрсеге қарай назарым ауды да тұрды. Тіпті, осы кесенеге кірместен бұрын түсімде көрдім. Бір таң қаларлығы, әлі аттап баспаған сол кесененің іші айна қатесіз көз алдымда әлі де тұр. Мүмкін бұл белгі болар деп ойладым.\nКесене ауыл шетінен пәлендей алыс та емес, десе де тым бала болғаннан болар маған өте алыста тұрғандай көрінетін. Өз қиялыма өзім мас болып жүріп, балалық шақты артқа тастап есейе бастағанда үйдегілерге айтпастан иығыма дорбамды асып, кәнігі ортағасырлық жиһанкездерше қолыма қағаз-қалам алып, жолға шықтым. Мақсатым сол бір ескерткіштің кімге арнап салынған, неге салынғанын, ондағы адамның кім екенін білу еді. Барар жол мен ойлағаннан жақын болып шықты бірақ құм мен тікенектер аяқты бастырмай, әр жүріс сайын оратыла берді. Өзімді Ибн Батута, Фадлан мен Хордадбектей сезіндім. Себебі, осы уақыттары кітапханада түнеп, ортағасырлық ғалымдардың өмірімен ауырып жүрген шағым болатын. Сонымен не керек, өзім бір көруге армандаған ескерткіштің жанына да келдім. Ауыл тым ыстық, күн төбеде шақырайып, ми қайнатар боп тұр. Оның үстіне ауық-ауық жел суырып, мазаңды кетіреді. Бұл кесененің салынған тұсы үлкен құмды төбе екен. Төбесіндегі аспан түстес бояуы сонадайдан күнмен шағылысып, керемет көрінеді. Оның үстіне артқы бөлігінде көп алыс емес үлкен қазақы қорымдар орналасқан. Бұл жалғыз аяқ жолмен алғаш келе жатқан адамға ортағасырлық минареттер һәм сарайлары күмбездермен көмкерілген ортаазиялық қаланы елестетеді. Қазір басқаша көзқараспен қарайтын болған соң ба, әлде олай еместігін білгеннен кейін бе, әйтеуір ондай дүние туралы көп ойламаймын. Көз алдыңызға елестетіп қараңызшы.\nШексіз құмды дала. Сирек өскен жыңғылды бұталар мен тікенекті өсімдіктер. Арасында үлкен құмды төбешіктер мен суырыла ұшқан құмды дауылдар. Алдыңызда қызыл һәм қоңыр тастармен қаланған қорымдардың біріккен тұсы, кейбірінің үстінде күмбездей шағылысар боялармен көмкерілген. Негізінен ортағасырлық дәуір адамзат есінде өзінің ғажайып құрылыстарымен, ерекше тұлғалары һәм қаһарлы патшаларымен қалды ғой. Араб ренессансының пайда болған жері Арабия түбегі болғанымен, гүл ашқан тұсы Орта Азия жері болатын. Бұл тұрғыдан алғанда мұсылмандық оқу-ағарту ісінің мәдениетке, ғылыми әлемге, салт-дәстүрлердің қайта жаңғыруына, мемлекетті басқару ісіне тигізген әсері орасан болды. Мұның түп негізі дінге келіп тірелетін еді. Мұсылмандық дәстүр мен салттың алтын қазығы осындай ерекшеліктерімен еліміздің тарихына өз өрнегін түсіре білді. Ал мұның басты өкілдері ретінде кезінде әз Тәукенің ақылшысы болып, Жеті жарғыны қабылдауда үш биге жетекшілік еткен, Үш жүздің пірі Мүсірәлі Сопы Әзіз бабамыз болатын.\nТарихи уақыттар тарихи тұлғаларды қажет етеді. Сондай қиын кезеңдер туғанда ел басына тіпті ойға кірмейтін тұлғалар мен қайраткерлер көтеріледі. Әдетте мұндай қимылдарда табиғаттың қатып қалған заңдылықтары болмайды. Мүмкін ол адам ғұмыр бойы маңдайының терін төгіп келді ме немесе ойламаған тұстан бағы жанып жұлдызы жарқырайды ма оны болжап білу мүмкін емес. Мұның пәлсапасын тағдырдың еншісіне қалдыралық. Себебі, біздің санамыз қанша шарқ ұрғанмен білуге болмайтын дүниелерге қауқарсыз. Бұл біздің адамдық болмысымыздан. Қазақ жұрты жоңғарлар аласапыраны тұсында өзінің ғасырлар бойы жиған құндылығынан бір сәтте айырылып қалуға шақ қалды. Сол дәуірдің атақты қайраткерлерінің басты мақсаты қалайда елді аман сақтап қалу еді. Бірақ қалай сақтап қаламыз деген сұраққа ешкім де нақты жауап қата алмады. Ханның қырық ақылы қаңсып, жұртына қырғидай тиген билер ісінің қиюы кетті. Қара нарға артылар жүкті қара халық көтерген заман туды. Салқам Жәңгірдің қаһарынан ыққан қалың жоңғар Орбұлақтан соң табандатқан он жылға дейін қазақ топырағына аяқ басуға жүректері дауаламады. Алайда Батыр мұнымен тыншымады, 1652 жылы бір қақтығыста Жәңгірдің түбіне жетсе де, түпкі мақсатына жете алмай ордасына оралды. Іс осымен тәмәм еді, бірақ жоңғарлардың басты арманы сонау Шыңғыс заманынан бері есесі кетіп келген қазақ хандары мен сұлтандарын түгелдей қырып, ата-қонысты еншілеу болатын.\n1680 жылы Күлтөбе басында үш жүздің жұрты Тәукені хан етіп сайлайды. Бірақ хан – біреу, қараша – мың. Ханның қызметі халықты басқару, билер қызметі сот пен әділдікті орнату. Бірақ бұл толыққанды қоғам ба? Әрине, жоқ. Бұл жерде ең басты мәселе халықтың, қарапайым жұрттың жан дүниесі, оның сенімінде жатыр. Ал сенімнің бастауында халықтың ғасырлар бойы сеніп келе жатқан нанымы һәм діні екені белгілі. Тыныш кезеңді айтпағанның өзінде дәл сол уақыт халықтың тозғындап, өмір мен өлімнің табалдырығында тұрған сәтінде киім мен тамақтан да басты мәселе әр адамның өзіне, болашаққа деген сенімінде. Егер сенім деген бір ғана сөз болмаса қалған нәрседен үміт күту керек емес. Ел басына күн туғанда осындай сенімді, болашаққа деген, тағдырға деген ақиқатты ұғындыратын рухани ұстаз ауадай қажет болды. Міне, әңгімеміздің қисыны қайдан шыққанын енді бажайлауға болады. Осыдан кейін бүкіл қазақтың басын қоса білетін пірді сайлауды дұрыс көреді. Бұл сәтте елдің таңдауы Мүсірәлі бабамызға түседі. Бұлай болуы да тегіннен-тегін емес. Үш жүздің билері сынақтан өтеді. Дегенмен Мүсірәлі бабамызға халықтың ықыласы ерекше ауады.\nҚазақ даласының Ликургі атанған дана Тәуке ханның тұсында қазақтың «Жеті жарғысы» өмірге келді. Заңды дайындауда қазақтың бетке ұстар игі жақсылары Күлтөбенің басында күнде кеңес қылып, туралықтың қылын хатқа түсіреді. Солардың қатарында Мүсірәлі бабамыз да болған. Ханның жанында елдің діни сенімін нығайтуда дін қайраткерінің өз орны болды. Себебі, Құран Кәрімде жазылған тәртіпті негізге ала отырып, ел басқарудың жарғысын дайындау кезек күттірмейтін мәселенің бірі саналатын. Дала заңы саналған «Жеті жарғының» алғашқы бөлігінде «Халықтың ханы, сұлтаны, пір әзіреті қастықпен өлтірілсе, олардың әрқайсысы үшін жеті кісінің құны мөлшерінде құн төленсін» деп нақты атап көрсетілген. Осыдан-ақ пір әзіреттің орны қандай деңгейде екенін аңғаруға болады.\nҚорытындылай келе мұсылмандық дәстүрде өзіндік нақышын бұзбай, келер ұрпақтарына тура жолдан таймауды, Алланың ақ жолымен жүруді аманат еткен осынау Әзіз бабамыздың ұлағатты өсиеті иісі қазақ жұртына, күллі түркі өркениетіне асыл мұра болмақ. Тарих толқынынан сыр шертіп, түбінде талай құпия жасырылған қасиетті Қазалы жері бүгінде өз тарихын жаңа көзқарастармен толықтырып келеді. Жас буын өкілдері жоғалған һәм ақтаңдақ тарихтың түбіне терең бойлап, бабаларының даңқты ізін саралау жолында талмай еңбектеніп жүргені жүрек қуантады.', 'https://qazaly.kz/uploads/posts/2022-12/1670931129_photo_63009.jpg', 6, 1, 3, 5, 2, 3, 10, 9, '2023-02-06 17:34:53', '2023-02-07 17:05:35', NULL),
(19, '\n«ЖАН ӘКЕ»: ҚАЗАҒЫМ, ҚАЙДА БАРАСЫҢ?..\n', 'Жаңа жылдың жетінші күні марқұм Қалихан Ысқақ ағамыздың дуалы аузымен «Әкемтеатр» деп аталып кеткен, сол атауы жанға жылы тиетін еліміздің бас театры Мұхтар Әуезов атындағы ұлт­тық академиялық қазақ драма театрында «Жан әке» («Қазағым, қайда барасың?») деп аталатын спектакльдің премьерасы болды. Француз драматургы Флориан Зеллердің пьесасын Қазақстанның халық артисі Тілектес Мейрам орыс тілінен аударған екен, сол мәтіннің негізінде қазақша нұсқасын жасап шыққан әрі басты рөлді сомдаған – Болат Әбділман, режиссері – Асыл Құдайберген.\n\nҚойылым туралы алғаш естігенде, әрі таңданып, әрі күмәнданып қалдық, таңданғанымыз – біз оның кинонұсқасын көргенбіз, психологиялық драма, Батыс әлемінің дамыған елдеріне тән оқиға біздің топырақты жерсіне қояр ма екен, сол баяғы айтыла-айтыла жауыр болған тақырып – қартайған әкесін қарт­тар үйіне өткізе салған қатыгез бала туралы кезекті гөй-гөйдің бірі болып шығады ғой деп топшыладық. Фильм­ді көрген, әңгіменің не жайында екенін білетін оқырманның көпшілігі солай ойласа керек. Мәселе мынада – шығарманың түпнұсқасында қарт­тар үйіне өткізілетін қария­ның трагедиясы баласының қатыгездігінен немесе қоғамның әділетсіздігінен туындап жатқан жоқ: Батыс елдері қоғамдық мүддені жеке бастың эгоизміне – индивидуализмге баяғыда бағындырып қойған, олардың өмірлік бағдары сол, ондағы қоғамдық қарым-қатынас заң арқылы рет­теледі, әділ ме бұл, жоқ па – ол жағына ешкім, соның ішінде жазушы да, драматург те, режиссер де, актер де бас қатырып жатпайды, басты құндылық – жеке адам, соның жайлы да шат-шадыман өмір сүруі, соның эгосы. Қарияның қасіреті – қартайып қалғаны ғана, қызы да қимайды оны, бірақ амал жоқ – алжыды ол, әлдеқашан жол апатынан қайтыс болған кіші қызы мен марқұм әйелін қайда жүр деп сұрай береді, ұмытшақтығы тіптен сұмдық, тұтас жылдар жадынан жоғалып кеткен. Сондықтан ол неге пәлен бөлмелі пәтерде тұруға тиіс, өзіне, қазіргі жағдайына лайықты мекенжайда тұрсын – қарт­тар үйіне барсын! Уақыт бәрін ұрлайды екен – дәуренің өтіп, қадірің кетіп, біртіндеп ешкімге керегің болмай қалады, қаласаң да сол, қаламасаң да сол, өмірдің заңы – осы: бағынасың оған, бағынбай қайда барасың деген пәлсапа. Қашып құтыла алмайсың одан, сәл-пәл жеңілдетуге де болмайды, қазақша айтқанда, «өлдің, Мамай, қор болдың». Трагедия ма? Әрине. Бірақ бұл трагедияның қоғамдық-әлеумет­тік-адами-мәдени-рухани астары біздегіден мүлдем басқаша!', 'https://auezov-theatre.kz/media/news/1407/conversions/main.jpg', 4, 1, 3, 8, 3, 7, 5, 3, '2023-02-06 17:34:54', '2023-02-07 17:18:08', NULL),
(20, 'Қазақстандық құтқарушылар Түркияға аттанды', '\n\nҚазақстан ТЖМ құтқарушылары Алматыдан жер сілкінісі салдарын жоюға көмек көрсету үшін Түркияға аттанды, деп хабарлайды Almaty.tv тілшісі ТЖМ сілтеме жасап.\n\nТиісті тапсырманы Қазақстан Президенті Қасым-Жомарт Тоқаев берді. Борт бірінші кезекте Газиантеп қаласына барады.\n\nЖасақ құрамында Қазақстан ТЖМ құтқарушылары, кинологиялық есептер және Апаттар медицинасы орталығының медицина қызметкерлері бар.\n\nТЖМ құтқарушыларының иелігінде құтқарушы құрал-жабдықтары: гидравликалық және пневматикалық жабдықтар, гидравликалық домкраттар, пневмодомкраттар, перфораторлар, жарықтандыру құралдары, палаткалар, спутниктік терминал, каркасты модуль, автотехника бар.\n\nТоп қажетті жабдықтармен де, құтқару жұмыстарын жүргізуде көп жылдық тәжірибесі бар құтқарушылармен де жабдықталған.\n\nМемлекет басшысы Қасым-Жомарт Тоқаев Түркия Президенті Режеп Тайип Ердоғанға көңіл айтты және Үкіметке Түркияға шұғыл көмек көрсетуді тапсырды.\n\nСІМ мәліметі бойынша, қазіргі сәтке дейін онда Қазақстан азаматтары зардап шекті деген ақпарат келіп түскен жоқ. Соңғы мәлімет бойынша Түркияда зілзала құрбандарының саны 3 мыңға жетті.\n', 'https://almaty.tv/news_photo/1675747391_news_b.webp', 5, 1, 1, 3, 7, 10, 2, 3, '2023-02-06 17:34:54', '2023-02-08 16:37:42', NULL),
(21, 'ШЫҒЫС ҚАЗАҚСТАН', '\n\nШығыс Қазақстанда таулы жерден шөлге дейін, қылқан жапырақты ормандардан шексiзге ми далаға дейін табуға болады. Сонда да, шығыстағы негiзгi табиғи ландшафттар – таулар.\n\nТап осы жерде елдiң бірқатар негiзгi тау жоталары орналасқан (сілтеме – 5-б, 2-т – Рельеф), сол себепті бұл дүние жүзi туристерiн қызықтырады. Қыс мезгілінде бұл жерде елімізде және Ресейдiң таяудағы аудандарында танымал «Алтайлық Альпылар» деп аталатын тау шаңғысы базасы жұмыс жасайды.\n\nШығыс Қазақстанның көрікті жерлеріне Семей және Өскемен қалалары арқылы жеткен дұрыс. Бұлар - Шығыс Қазақстан облысының әуежайы бар ең iрi қалалары (Өскеменде – халықаралық әуежай), сондықтан бұл аймаққа оңай жетуге болады.\nЗайсан\n\nЗайсан көлі (сілтеме – 5-б, 3-т– Гидрография) – Шығыстағы ең үлкені. Зайсанға Өскемен арқылы да, Семей арқылы да жетуге болады.\n\nЗайсан – ұзындығы 100 км, ені 30 км және орташа тереңдігі 8 м құрайтын тұщы сулы көл. Зайсанға мына өзендер құяды: Қара Ертiс, Көкпекті, Жарма және басқалары және бір ғана өзен ағып шығады, ол - Ертiс.\n\nЗайсанда балықтың 23 түрі кездеседі, оларды 17-сі кәсіптік балықтарға жатады. Сондықтан бұл балық аулаушыларды көп қызықтырады. Зайсан қазақстандық көлдердiң арасында ең ежелгілердің бiрi болып саналады. Оның басты ерекшелiгi - кешкi жұлдыздар пайда болған кезде, көл бетінде сазды әуен пайда болады.\nАлакөл\n\nАлакөл – Қазақстанның ең әдемі көлдерiнің бiрi (сілтеме – 5-б, 3-т – Гидрография). Ол Жоңғар Алатауының солтүстiк-шығыс өлкесiнде, Шығыс Қазақстан мен Алматы облыстарының шекарасында орналасқан. Сондықтан бұл жерге екі жолмен жетуге болады: біріншісі - Семейден көлдің солтүстік жағасына дейін, бұл жерге тікелей автобустар жүреді; екіншісі - Алматыдан автомобилдiк жолмен көлдің оңтүстік жағасына дейін.\n\nАлакөл – нағыз «дала теңiзі», оның ұзындығы - 104 км, ені - 52 км, ал максималды тереңдiгі – 45 м. Көл суы - тұзды.\n\nКөлдiң орталық бөлiгiнде үш арал орналасқан. Бұл жерде 1998 жылы түрлi флорасы және фаунасы бар Алакөл мемлекеттiк қорығы құрылған.\n\nКөлдiң басты байлықтарының бiрi - емдiк балшық.\n\nАлакөлдің оңтүстік жағалауында туристтiк инфрақұрылым жақсы дамыған, сондықтан бұл жер туристердің демалысы үшiн қолайлы болып табылады. Тиiстi инфрақұрылым солтүстiк жағалауда да дамып келеді.\nРахман қайнары\n\nРахман қайнары – Шығыс Қазақстан облысының Қатон-Қарағай ауданындағы шипалы жылы су көзi бар сауықтыру орталығы.\n\nҚатон-Қарағай - Қытаймен және Ресеймен шектесетін, сонымен қатар, Моңғол елінен 100 км-ден кем жерде орналасқан, Қазақстандағы ең iрi ерекше күзетiлетiн табиғи аймақ.\n\nРахман қайнары екi әдемі көлдiң аралығында, теңiз деңгейiнен 1750 м биiктiкте орналасқан. Бұл орындардың жер асты өзендерінде шипалы радон – граниттiң сирек кездесетін минералдарында болатын, радиоактивтi элементтердi ыдырататын өнiмдер бар. Шипалы жылы су буын ауруларын, омыртқа және жүйке жүйесi мен тері ауруларын емдеу үшiн пайдаланылады.\n\nЖергiлiктi аңызға сәйкес, бұл ыстық бұлақты 1763 жылы маралды жаралап алған кезде Рахман немесе Рахманов деген азамат тауып алған. Әлсiзденген жануар бұл қайнарға барып, одан аман-сау шыққан.\n\nРахман қайнары Өскемен қаласынан 450 км жерде орналасқан. Бұл қаладан аталған орынға дейін хабарлауы бар тіке автобус жүреді.\n', 'https://kazembassy.ru/data/nws/kaz/img_53_24.jpg', 5, 1, 2, 10, 4, 4, 9, 10, '2023-02-06 17:34:54', '2023-02-08 09:46:59', NULL),
(22, 'Қазақстанның дәстүрлері мен тарихы туралы көбірек біліңіз', 'Et nulla iure voluptas ut sequi ex. Libero rerum quia rerum.', 'https://www.akorda.kz/assets/media/flag.jpg', 10, 1, 1, 8, 10, 5, 5, 4, '2023-02-06 17:34:54', '2023-02-08 12:07:54', NULL),
(23, 'Қазақстанға қош келдіңіз', 'Қазақстан — көп ұлтты мемлекет. Қазақстанда 130-дан астам ұлт пен ұлыс өкілдері өмір сүреді. Солардың отанына айналған біздің кең байтақ еліміз қашан да өзге ұлт өкілдерін құрметтеп, оларды бауырына басуға дайын. Қазақстан халықтарының өсіп-өну процесін бақылап, зерттеу демограф ғалымдардың еншісінде.\n\nҚазақстандағы соңғы санақтың өткеніне де бес жыл өтті. Бұл жылдардағы экономикалық-әлеуметтік салалардағы өзгерістер ғылымның зерттейтін обьектісіне елеулі өзгерістер енгізетіндей болды. Сондықтан да өз басым Қазақстанның ұлттық құрамындағы жағдайдың өзгерістер барысын ұдайы қадағалап, сараптап, ғылыми ақыл таразысынан өткізіп отырамын дейді белгілі демограф-ғалым Мақаш Тәтімов. Биылғы зерттеу жұмысы да сол үйреншікті жұмыстың бір саласы. Егер оның нәтижесі қандай деген сұраққа жауап берер болсақ, ол «көңіл көншітпейді» деген сөз болып шығады. Бір этноста болмашы өсу болса, келесісінде азаю орын алған, нәтижесі бізді қанағаттандырмайтын жағдай. Сондықтан мемлекеттік деңгейде бір шұғыл шара қолданбасақ демографиялық жағдай көңіл қуантардай болады деу бос сөз болып шығады. Әлі күнге дейін табиғи өсімнің азаюы түйінді мәселе қалпында қалып отыр. Балалар тууының азаюы халықтың қалыпты өсімін тежеуішке айналған. Тұрғындардың орта жасының өсіміне орай бала мен ана өлімі азайса да өлім көбейген. Бұл нәтижелер Қазақстанда этнодемографиялық жағдайдың мол өзгерістері жалғасып жатыр дегенімізбен ақырындап болса да нағыз еуроазиялық мемлекетке айналып барамыз. Бізде де еуропалық этностар тууды дәстүрлі түрде шектеуіне байланысты олардың елден кетуі азайғанымен саны кеміп барады. Бұл шамамен 35 мың адам немесе үлкен бір майданда кездесетін шығын. Елімізден негізінен еңбекке жарамды жастар кетіп, кәрілер қалуда. Бұл республика тұрғындарының орта жасын ұлғайтып, өлімді көбейтуде, тууды азайтуда. Тұрғындардың шығыстық саналатын бөлігінде де аймағымыз үшін дәстүрлі болып саналатын көп балалы отбасыларының саны азайып кетті. Олар да еуропалықтар соңынан ергендер. Бұлардың қай-қайсысы да еліміз үшін ойласарлық жағдай.\n\nОсынау тұйықтан шығудың жолы туралы әңгіме қозғасақ, әрине, ол жоқ емес, бар. Ең алдымен жас шаңырақты бала тууға бір-екі емес, көбею шарттарына сай ең кемі үш сәбилі болуына ынталандыру керек. Таяуда парламент мінберінен сөйлеген Тәтімов мырза жастарға тұрғын үй несиесінберу мәселесіне өзгерістер енгізу керектігі жайлы ой тастады және ол несиені баланың дүниеге келуіне орай, мәселен, үйлерде бала туу аз ғой. Менің бүл пікірімді парламент те, үкімет те мақұлдады. Дегенмен, екіншісі ұсыныстарды толық күйінде қабылдамады. Демографиялық жағдайды түзеудің екінші бір жолы-елімізде жасанды түсікке (аборт), ең болмағанда біріншісін түсікке айналдыруға тиым салу. Өйткені алғашқы баланы түсік ету, ананы енді сәби көтермеуге соқтыратын жолдарының бірі екені белгілі ғой. Бүдан бұрынғы зерттеулерімізге қарасақ, тоқсаныншы жылдардың орта шенінде жасанды түсік тірі туған балалардың санынан асып жығылған екен. Халық арасында үгіт-насихат жүмыстары жүргізілуіне қарамастан қазір де жағдай оңып түрған жоқ, жылына 150 мыңдай түсік тасталынады екен. Адамзаттың және діни көзқарастардың барлығы қолдан жасалған түсікті күнә дейді. Демек, қоғамдық санаға осы жағынан да қозғау салу қажет.\n\nИсламның жасанды түсікке қалай қарайтындығы жайлы мәселеге көңіл аударсақ, шарана қимылдаған сәтінен Алланың бергені саналады да оны түсіру кәдімгі ересек адамды өлтіргенмен тең. Бала туу мөлшерін көрсететін арнайы коэффициент 1999 жылы 1,76-ға түсіп, яғни шартты шектен құлдырап кеткен болатынбыз. Сол тұста туудың азаюы мен өлімнің өсуін қағазға сызықтармен түсіргенде (схема) «қақпан» бейнесі шыққан! Шошынасың! 1999 жылы сол «қақпан» шаппалары түйісіп, қабысып қала жаздады. Мұны көру сұмдық еді. Қазір сол қақпан шаппалары бір бірінен ептеп те бола ажырасып, ашылып барады, өлім азайып, туу көбейе бастады. Дегенмен, көп балалы болудан кетіп, еуропалық дәстүрге келе жатқанын да қосу керек.\n\nЕнді біз келесі сұраққа шығамыз, яғни баяғы азиялық дәстүрдің, көп балалы болуға көшудің жолын табамыз ба деген сауалға жауап іздейміз. Меніңше, біз: «Көп балалық, қош!» дейтін секілдіміз. Нарықтық қатынас кезіне көп баланы өсіріп тәрбиелеу мәселелері қиындай түседі. Әр отбасында үш бала болса да жетеді. Ол үшін де кәдімгі қарапайым отбасында қалыпты түрмыстық жағдайдың болуын қамтамасыз етуге тиіспіз. Жалпы алғанда Қазақстан тұрғындарының шектен шығып бара жатқан жер шарында тұрғыны аз ел болып қала алмайды.\n\nАл енді этносарлық түсіністік демографиялық жағдайға әсер ете ме дейтін сұраққа келетін болсақ, жауап дайын-әлбетте! Мысалға аралас некені алуға болады. Шығыстық көзқарас пен батыстық пікір түйісіп ортасынан жаңа бір шамамен айтсақ еуразиялық байлам шығады. Бұл нағыз алтын көпір. Оның демографиялық түйінді шешуге оң әсері болары сөзсіз. Қазақстандағы орыс отбасы мен Ресейдегі орыс шаңырағын мысалға алайық. Ресейдегі отбасында бала аз, біздегіде көп. Немістерге байланысты да осыны айтуға болады. Көрші: «көпбалалы көршім ешкімнен кем емес қой» деп ойлайды да жақсылыққа қадам жасайды.\n\nҚазақстан Еуразия суперконтинентіндей этнодемократияның айнасы. Мұнда демографиялық көзқарастың барлығы дерлік шоғырланған. Этносаралық түсіністіктің қазақстандық моделі түптің түбінде бүкіләлемдік үлгіге алынуы да мүмкін. Бұл жайлы әсіре сыпайылық сақтамай-ақ, мақтанышпен айтып өз еліңнің болмысымен, ертеңімен ғана емес бүгінгімен марқаюыңа болады.', 'https://www.pragueprocess.eu/images/sobipro/entries/419/wk22-sep-travel-kazakhstan.jpg', 23, 1, 1, 3, 10, 8, 8, 2, '2023-02-06 17:34:54', '2023-02-08 17:01:29', NULL),
(24, 'Қыз ұзату', 'Қыз баласын құрметтеп, оң жақтан орын беретін халықпыз. Балиғат жасына толған соң, аялы алақанда мәпелеп өсірген аяулы бойжеткеннің де ұзатылар уақыты келеді. Енді ежелден келе жатқан салт-дәстүрге сүйенсек, қызының ұшқан ұядан ұзап кетуіне анасы әу бастап дайындалып, жасауын реттеп, сәукелесін дайындаса, әкесі тойдың қамына кіріседі. «Қыз жасауына» қазақ аса мән берген. Ол зергерлік бұйымдар, кілем, текемет, сәукеле, қымбатты киімдер, ыдыс-аяқ т.б. заттардан құралады. Тіпті, қыз жасауы берген қалың малдың бағасынан да артады.\n\nСырға салу ертеден келе жатқан дәстүр. Көбіне текті жердің қызына өзгелер құда түсіп алып кетпесін деп алдын ала сырға таққан. Қызға сырға тақпас бұрын оның ата-анасының рұқсатын алады. Кейде жақсы араласатын достар ұл-қыздары бесікте жатқан кезінде құда болысып, сырға тағып, айттырып қоятын. Сырға тағылған қыз қалыңдық аталып, оны кейін бойжетіп, жігіт жақ қалыңмалын төлеп алып кеткенше ата-анасы қатты қадағалаған. Мұнда да үлкен тәрбиелік мән бар. Сырға тағылған қызға сауық-сайран құруға болмайды. Ол барынша инабатты болуы қажет. Көп жылдар бойы ұмыт қалған бұл дәстүрді қайта жаңғыртпақ болған халық оған өзгертулер енгізіп алған. \n\nСырға таққан қыздың басы бос емес екенін өзгелер білу үшін ерекшелеп, алтын салған. Сырға салып кеткен қызды құдалар алып кетуге барғанда «Осы елде біздің алтынымыз бар еді, соған келдік» деп қалыңдықты алтынға теңейтін. Кейде сырғаның орнына қызға үкі таққан. Сондықтан да үкілі бөрікті тек қалыңдықтар ғана киген. Жігіттер бөркіндегі үкісіне қарап, қызға құда түсіп қойғанын сезетін. Сырға тағудың тағы бір тәлімдік мәні - қыз келін болатынын қыз кезінен біліп, үй шаруасына ерте араласып, үлкен өмірге заңдарын меңгереді. Ондай қыз аттаған босағасында көп қиналмайды.\n\nҰзатылар қыз қасына жеңгесін алып, алыс-жақын туыстарын кемінде бір ай аралайды. Бұл дәстүр «қыз танысу» деп аталады. Сыңсу – «қыз танысуда» айтылатын ұзатылар қыздың әні. Еркелетіп өсірген ата-анасын, өз үйіндегі бақытты шағын, ол күндердің арта қалып жатқанын, өскен үйінен ұзап кететінін әнге қосып, өзін ұмытпай, сағындырмай еске алып, келіп тұруларын туыстарына «сыңсу» арқылы әнмен жеткізетін өте әдемі көрініс. Бірақ бұл дәстүр қазір ұмытылған. Барған үйлері оның  дайындалып жатқан төсек-орнына кілем, алаша, сырмақ, киіз үйдің кереге, үзік, туырлық, керме-бау сынды бұйымдарын және киім-кешегін тарту етеді. Төсек-орынды дайындауға ауыл-аймақ атсалысады, ісмер әйелдер, зергерлер, тұрманшылар, үйшілер кіріседі.\n\nҚоржынын арқалап, қыздың қалыңмалын алдыға сап құдалар келер сәт те жақындайды. Құдалар келе жатқан кезде есік алдына екі адам арқан кереді. «Арқан керу» салтын жасаған адамдарға құдалар жағы өз жоралғысын (әшекей бұйымдар, мата, ақша т.б.) береді.\n\nКүйеу болатын жігіт бөркінің төбесіне үкі қадап, иығына қызыл шапан жамылып, өкшелі етікпен жұрттан ерекше киініп келеді. Бөрікті баса киіп, сыпайылықпен келу күйеуге міндет. Олай болмаған жағдайда күйеуге айып салынып, күлкіге қалдырады. Күйеу атын балалар алып ойынға айналдырады. Атқа мініп, жарысып, ауылдың арасында атпен шауып көңіл көтереді. «Күйеу атымен күл тасы» деген мақал осыдан қалса керек. Бұл да дәстүрдің бір түрі.\n\nЖаңа құдаларды күтіп алған қыз жақ қонақтарға құрмет қылып, төрге шығарады. Жастарға бір бөлек, үлкендерге бөлек дастархан жасалады. Астан ауыз тимес бұрын құдаларға «құйрық-бауыр» асату салты орындалады. Әкелген адам «бауырдай жақын, құйрықтай тәтті болыңыздар» деп тілек білдіріп, барлық қонақтар мен құдаларға асатады. «Құйрық-бауыр жедің бе, құда болдым дедің бе» деген мәтел осыдан қалған… Құйрық-бауыр желінген соң құдалар жағы табаққа ырымдап ақша салады. Бұны табақ әкелген келіндер өзара бөліп алады.\n\nАрнайы сойылған малдың жас етімен қоса соғымнан арнайы сақталған сүр еттен сыбаға асады. Мұнда құдалардың сыбаға жамбасы міндетті түрде болады. Бұл дәстүр «сыбаға тарту» деп аталады. Қазақта бас, жамбас, ұлтабар, асықты жілік, төс дегендердің өздерінің иесі – орны болады. Соғымнан құдаға, басқаға сыбаға беру- қазақта өзгермейтін заң. Қыз алуға келген жігіттің алдына төс, жілігімен бір табақ ет тартылады. Табақ әкелген жеңгеге сый ақы беру керек. Мұны «қыз алар» деп атаған. Бұл дәстүр бүгінде оңтүстікте біраз сақталған. Ал өзге аймақтарда ұмыт болған.\n\n Құдалар ауқаттанып, аптығын басқан соң, болашақ келіндерін таныстырады. Құдағи көрімдігін береді. Қыздың анасына арнайы «сүт ақысы» кәдесі тарту етіледі. Одан кейін «қоржын сөгу» дәстүріне кезек келеді. Бұған әйелдер жиналады. Қоржынның аузына бір киімдік пұл салынады. Ол қоржын аузын сөккен адамның сыбағасы. Қымбат, жағалы киімдерді қыздың әке-шешесіне кигізеді. Ал қоржындағы тағамнан бар жиылған қауым дәм татады.\n\nҚазақ салты бойынша құда-құдағилар қыз алуға барған түні ұйықтамауы керек. «Жақсы тағам қалғанша, жаман қарын жарылысын» деп, құдалардың бергенін жей береді. Егер ұйықтап кетсе киімін құдалардың бірі  тігіп тастап, айып төлететін болған. Сол үшін ішіп-жеуге де, ұйқыға да, өлең айтысуға да шыдауы керек. Мұны қазақ «киім тігу» деп атайды.\n\nҰзатылатын қыздың басына сәукеле киер сәт те жақындайды. Отауға құда-құдағи тегіс шақырылады, олар көрімдік атайды. Онан соң анасы қызының оң жақтағы үкілі тақиясының орнына сәукеле кигізіп, енесінен байғазы алады.\n\nТой тарап бір күннен кейін үлкендердің ақ батасын алып, қыз өз босағасынан аттанатын кез келеді. Бұл күні күйеу ең артынан шығып, қайын жұртының босағасына бір шапан іліп кетеді. Бұл күйеу жігіттің «Осы үйдің мен де бір ұлымын, босағасынан қол үзбеймін. Ыстық-суығында осыннан табыламын» деген ишараты. Мұны «босағаға ілу» немесе «су шапан» деп те атайды.\n\nҚызды ұзататын күні келін және басқа әйелдер киіз үйдің ішінде болады да, аужар айтатын жігіттер сыртта ат үстінде болады. Еркектер тұрған жақтың  бір үзгі алынып, ашық болады. Қыз ата-анасы, бауыры, аға-жеңге, ел-жұртымен қоштасуды өлеңмен жылап тұрып айтады. Аужарды көбінесе ұзап бара жатқан қайын сіңілісіне жаны ашып, көңілі босаған жеңгелер айтады. Бұл салт «сатын» немесе «ау-жар» деп аталған. Сыңсумен шатастыруға болмайды.\n\nАл «жар-жар» туралы айтсақ, ежелден келе жатқан дәстүр. Қыздың қоштасу кешінде, қыз аттанардағы қыз бен жігіттің айтысы. Мәселен, жігіттер қыздың жыламауын, әке орнына әке болар қайын атасы барын айтады. Қыздар жағы қимастығын білдіріп, қанша әке болса да өз әкеңдей бола алмасын айтып, аяғын суырып-салма айтысқа әкетеді.\n\nТұрмысқа шығатын қыз өзінің орамалын сіңлісіне береді. Ол - «сенің де өз бақытың жолығып, жолың ашылсын» деген белгі. Бұл рәсім «шарғы салу» деп аталады. Шарғыны алған қызға жолдастары, жеңгелері, келіндері бақыт, мақсатына жетуіне тілектес болады.\n\nТой тарқап, құдалар жолға шыққан соң қыз шешесімен, үлкен жеңгесі мен кіші бауыр-сіңілілерімен арнайы дайындалған көлікке отырады. Ұзатылған қызға артына қарауға болмайды. Құдалар алда, олардан кейін «шаңырақ-түйе» - қыз көші жүріп отырады. Қыз ауылынан шыққан соң бұл көшті «қыз көші» - деп айтады. Біраз жүрген соң «қыз көшін» «келіншек көші» - деп атайды. «Келіншек көші» ауыл жанынан өтерде ауыл адамдары көшті тоқтатып, кәде сұрап, жақсы тілектерін жолдап, сәт сапар тілейді. Бұл салт «Түйемұрындық» деп аталған.\n\nҚызды бар салтанатымен жігіттің ауылына әкеледі. Осылай қыз баланың балалық бал дәурені артта қалып, жұбымен бірге жаңа өмірге аяқ басады.', 'https://qazaqytoi.kz/wp-content/uploads/2019/04/%D2%9B%D0%B7%D0%B0%D1%82%D1%83.jpg', 6, 1, 3, 4, 1, 4, 9, 7, '2023-02-06 17:34:54', '2023-02-07 16:56:51', NULL),
(25, 'БАТЫС ҚАЗАҚСТАН', '\n\nБатыс Қазақстан – өзінің таң қалдырарлық ерекше көріністерімен қатар, тарихи, археологиялық және мәдени ескерткіштерінің арқасында туристтер тарапынан үлкен қызығушылық туғызуда.\n\nБұл өңірде әлемнің ең үлкен көлі - Каспий теңізі орналасқан, сонымен қатар Арал теңізі. Кезінде Батыс Қазақстан аумағы арқылы өзінен кейін біршама таңғажайып ескерткіштер қалдырған Ұлы Жібек жолының тармағы да өткен. Аймақтың маңызды қалалары – Орал, Атырау, Ақтау және Ақтөбе. Осы қалалардан аумақтың көрікті жерлеріне жетуге болады.\nҮстірт қыраты\n\nҮстірт қыратында Үстірт ұлттық биосфералық қорығы орналасқан және Маңғыстау түбегі мен Арал теңізі аралығын қамтиды (сілтеме - 5б2т – Рельеф). Мұнда темір жол немесе жеңіл көлік арқылы Ақтау қаласынан жету жеңілірек.\n\nБұл аймақ бірнеше миллион жыл бойы су астында болып, тек кейін келе қыратқа айналды. Сондықтан да, Үстірт ландшафты қайталанбас және таңғажайып. Ұңғымалар деп аталатын тік қабырғаларының биіктігі кей жерлерде 400 метрге дейін жетеді. Ал күрең барқыттан аппақ түске дейін өзгеретін ұңғыма түстерінің алуан түрлілігі таң қаларлық. Кеш батқан уақытта қырат адам сенгісіз ерекше бейне тудырады: ақ бор жыныстары күлгін түске енеді.\n\nҮстірт қорығының аумағы 70 мың гектар құрайды және оған негізінен шөлді ландшафт тән болып келеді. Қорық муфлон, қабылан, ақбөкен, қарақұйрық, шиебөрі, түлкі, ұзын инелі кірпі сияқты және тағы басқа көптеген сирек жануарлардың мекендейтін орны.\nШопан-ата және Бекет-ата жер асты мешіттері\n\nБекет-ата сопылық жер асты мешіті жоғарыда аталған Оңтүстік Үстірттің Маңғыстау ойысына тірелген тұмсығының үзіліп қалған Оғыланды шоқысына қашалған тарихи-сәулет ескерткіші.\n\nБекет-ата Мырзағұлұлы Батыс Қазақстандағы ең құрметті адамдардың бірі болып саналады. Ол 1750 жылы дүниеге келген және 40 жасында сопы дәрежесін қабылдап, балаларды оқуға үйреткен. Аңыз бойынша, ол емшілік қасиетке ие болған. Бекет - ата шамамен 1813 жылы дүниеден озып, өзіне соғылған жер асты мешітінің жанында жерленген.\n\nОл биік жартастың орта қабатында салынған, бұтасы қалың өскен терең қойнауға түскен. Сатысы мешітке кіреберістің алдында салынған шағын алаңға апарады. Бірінші жай – күмбез тәрізді төбенің орталығында тесілген терең жарық саңылауымен жарықтандыратын вестибюль. Вестибюльдің батыс жағында оңтүстік қабырғасында михрабы бар намаз залы, ал оңтүстік-шығыс жағынан екі жай орналасқан, ал олардың бірінде Бекет ата жерленген.\n\nШопан ата жер асты мешіті Маңғыстау облысы Жаңаөзен қаласынан 60 км солтүстік-шығыс аймақта орналасқан. Бұл мешіт пен оған тиесілі қорым Маңғыстау түбегіндегі осы тәріздес ғимараттардың ең алыбы және көнесі болып табылады.\n\nКешеннің оңтүстік-батыс бөлігінде жер асты мешіті мен киелі Қожа Ахмет Яссауидің шәкірті, сопы Шопан ата мазары орналасқан, сонымен қатар, зерттеушілердің пайымдауынша Х-ХІІІ ғасырлары өмір сүріп мекендеген қыпшақ және оғыз тайпалары орнатқан көне көктас ескерткіштер де бар (сілтеме – 3-б, 6-т – Қазақстандағы Ерте Орта ғасыр).\n\nШопан ата мешітін үңгірлік деп атауға болады. Оның орталық орны жайлардың кіру ойықтары киелі тұт ағашы мен дәрет алуға арналған тас су қоймасы орналасқан өзгеше аулаға бағытталу үшін шеңбер бойымен ізбес жынысымен салынған бірнеше жайлардан құрылған жер асты мешіті болып табылады. Ал аңызға сенсек, Шопан – атаның өзі жерленген зират үңгірге терең орналастырылған.\nҚызыл Қала қалашығы\n\nКөне Қызыл Қала қалашығы, Х-ХІІ ғ., Ақтау қаласынан 170 км жерде, Шерқала тауының етегінде орналасқан.\n\nАрхеологтардың пайымдауынша, қаланың іргетасы Х ғ-ң екінші жартысында қаланған. Қазіргі таңда кезінде ұлы саналған Қызыл-Қаладан тек бірнеше ғимараттардың іргетасы мен бекет қабырғалары қалған. Археологиялық қазба жұмыстары кезінде, ғалымдар Қызыл-Қаланың Хорезм мен Еділ бойы өңірімен байланыстыратын маңызды сауда жолында орналасып, қала орталығы болғандығын анықтады. Еуропа мен Азия арасындағы аса ірі сауда орталығы болды деп айтуға болады.\n\nАрхеологтар, сонымен қатар, Қызыл-Қала халқы негізінен сауда мен жер шаруашылығы арқылы күн көргенін анықтады. Қызыл-Қаланың дамыған әрі бай болғанын: балтық янтарі, қытай нефриты, үнді және мысыр әйнектері секілді тарихи олжалар дәлелдейді, ал бұл, сәйкесінше, Қызыл-Қала арқылы тасымалданған тауарлар көлемінің кең болғандығын көрсетеді.\n', 'https://kazembassy.ru/data/nws/kaz/img_54_34.jpg', 5, 1, 3, 9, 4, 5, 2, 2, '2023-02-06 17:34:54', '2023-02-08 12:04:28', NULL),
(26, 'Өткен жыл спортшылар үшін жүлделі болды', 'Қазалылық спортшылар өткен жылды оң нәтижемен қорытындылады. Нақтыласақ, аудан спортшылары облыстық, республикалық және халықаралық жарыстан 123 медальді қанжығаға байлады. Азия, Әлем және ҚР чемпионаттарынан 13 алтын, 14 күміс және 24 қола жүлдені аудан қоржынына салды.\n2022 жылы ауданда салауатты өмір салтын насихаттау мақсатында 202 спорттық-бұқаралық шара өтіп, оған 8 мыңға жуық адам қатысты. Ауданда ауыл спортшыларының «Алтын күз-2022» XXXV облыстық спартакиадасы өз деңгейінде өтті.\nСпартакиадада 15 спорт түрі бойынша  Қазалы ауданының көш бастауы аудан жетістігін еселей түсті. Оған қоса Әуесқойлар футбол лигасының Қазақстан чемпионатында қазалылық команда күміс кубок иеленді.\nӨткен жылы 6 спорт алаңы мен 2 спорт кешені салынды. Көкпар, аударыспақ, қазақша күрес, тоғызқұмалақ, асық ату, бес тас тағы басқа да ұлттық спорт түрлерінен 30-дан астам іс-шара ұйымдастырылды.\nАйта кетейік, ауданда спортпен шұғылданатын азаматтардың белсенділігі жыл сайын артып келеді.\n2022 жылы спортпен шұғылданушылардың көрсеткіші 38 пайызға жетті.', 'https://qazaly.kz/uploads/posts/2023-01/1673848341_324740146_1178088846433083_9177300118103760478_n.jpg', 4, 1, 3, 9, 6, 9, 3, 10, '2023-02-06 17:34:54', '2023-02-07 17:46:55', NULL),
(27, '2022 ЖЫЛЫ ТҮРКИЯДА 10500 ЖӘДІГЕР ТАБЫЛДЫ', 'Адамзат тарихының рухани серпілісмекені –  Анадолы өркениеттердің қайталанбас қазыналарына толы мекен ретінде ерекшеленеді. Тамыры терең тарихымен тамсандыратын бұл өлкеде 2022 жылы 713 археологиялық іс-шара жүргізіліп, шамамен 10 500 жәдігер табылған.\nЖер бетіндегі ең көне қоныстардың мекені – Анадолы баға жетпес тарихи байлығымен назар аударады. Соңғы екі ғасырда Анадолыда адамзаттың мәдени мұрасын байыту мақсатында бірнеше археологиялық зерттеу жүргізілді. Жұмыс әьі жалғасып жатыр.\nМұражайлық қызметте көшбасшыға айналған Түркия археологиялық зерттеулерде де көп елге үлгі. 2022 жылы жалпы саны 713 археологиялық іс-шара жүзеге асырылды. Қазба, археологиялық барлау, геофизикалық георадар және тазарту жұмыстары сияқты әртүрлі іс-шараларда үздіктер қатарындағы Түркия – археологиялық зерттеулер тұрғысынан әлемдегі ең мықты мемлекеттердің бірі.', 'https://ttjk.info/wp-content/uploads/2023/01/Denizli_Laodikeia-Antik-Kenti-Tapinak-A-7.jpg', 7, 1, 3, 7, 7, 1, 2, 7, '2023-02-06 17:34:54', '2023-02-07 17:47:57', NULL),
(28, '«7-20-25»-тің орнына қандай ипотекалық бағдарлама іске қосылатыны анықталды', 'Нұр-Сұлтан. 5 шілде. 7kun.kz – Қазақстан тұрғын үй компаниясының кепілдігімен ипотеканың жаңа түрі іске қосылуы мүмкін. Бұл туралы «Бәйтерек» ұлттық басқару холдингінің басқарма төрағасы Қанат Шалапаев айтты, деп хабарлайды 7kun.kz.\n\n«Зейнетақы жинақтарының тұрғын үйге жұмсауға болатын шекті мөлшерінің өсуіне және келесі жылы «7-20-25» бағдарламасының аяқталуына байланысты 500 млрд теңге ипотекаға немесе 35 мың пәтерге деген сұраныстың төмен болуы болжанып отыр. Жеке құрылыс салушылардың коммерциялық тұрғын үйді сату жылдамдығы айтарлықтай төмендеуі мүмкін.Сұраныстың өтелмеуіне жол бермеу мақсатында халық үшін Екінші деңгейлі банктердің нарықтық ипотекасы бойынша сыйақы мөлшерлемесін субсидиялау тетігін іске қосу ұсынылады», – деді Қанат Шалапаев.\n\nҚазақстан Қаржыгерлер қауымдастығымен жүргізілген келіссөздер нәтижесінде келесідей шарттар қарстырылуда:\n\n    бастапқы жарна 20 пайыздан басталатын;\n    кредит беру мерзімі 20 жылға дейін болатын;\n    қарыздың ең жоғарғы сомасы 35 млн теңгеге дейін жететін;\n    төлем қабілеттілігін міндетті түрде растауды қажет ететін ипотеканы іске қосу ұсынылуда.\n\n«Ұлттық банктің базалық мөлшерлемесінің деңгейінен 5%-дан аспайтын ипотека бойынша сыйақы мөлшерлемесінің 7% субсидияланады. Екінші деңгейлі банктер өз қаражаты есебінен құрылыс салушылардың бастапқы тұрғын үйіне және Қазақстан тұрғын үй компаниясының кепілдігімен қамтамасыз етілген салынып жатқан тұрғын үйге қарыз бере алады. Осы бағдарламаны іске қосу үшін заңнамалық өзгерістер қажет емес. Қазіргі уақытта бюджеттік өтінім Қаржы министрлігінің қарауында. Бюджет мақұлданғаннан кейін, Қазақстандық тұрғын үй компаниясы осы бағдарламаны дереу іске қосуға дайын», – деді «Бәйтерек» ұлттық басқару холдингінің басшысы.', 'https://7kun.kz/wp-content/uploads/2022/06/%D0%B8%D0%BF%D0%BE%D1%82%D0%B5%D0%BA%D0%B0.jpg', 6, 1, 2, 5, 9, 10, 8, 5, '2023-02-06 17:34:54', '2023-02-08 09:46:43', NULL),
(29, 'Халықаралық турнирдің жеңімпазы атанды', 'Өткен аптаның 10-15 қаңтар күндері аралығында Шымкент қаласында футболдан 2009-2010 жылы туылған жасөспірімдер арасындағы \"Juniors Cup\" халықаралық турнирі өтті.\nДүбірлі додаға әр облыстардан келген 16 команда өзара бақтарын байқады.\nНәтижесінде Қазалы спорт мектебінің №17 ОРМБЖМ командасы жеңіс тұғырынан көрінді. Сонымен қатар Қазалы спорт мектебінің футбол бөлімшесінің спортшысы Сырлыбай Жарбол халықаралық турнирдің \"Үздік қорғаушысы\" бағамымен марапатталды. Осындай жетістікке жеткен Қазалы спорт мектебінің футбол бөлімшесінің спортшылары мен жаттықтырушысы Самат Жұбаниязовты жеңістерімен құттықтай отырып, алдағы болатын жарыстарда сәттілік тілейміз.', 'https://qazaly.kz/uploads/posts/2023-01/1673847434_323161609_6193783087306845_3047489597869986231_n.jpg', 4, 1, 3, 6, 6, 9, 5, 8, '2023-02-06 17:34:55', '2023-02-07 16:24:15', NULL),
(30, 'Тоқаев криптоиндустрияның Қазақстанға әсері туралы айтты', 'Нұр-Сұлтан. 27 маусым. 7kun.kz – «Астана» халықаралық қаржы орталығын басқару жөніндегі кеңестің отырысында Қасым-Жомарт Тоқаев криптоиндустрия мен цифрлық активтерді дамытуға ерекше тоқталды, деп хабарлайды 7kun.kz.\n\n«Біз әлеуетімізді барынша тиімді пайдалануымыз керек. Еліміз криптоактивтерді шығару бойынша екінші орында тұр. Алайда біз тек қана шикізат мәртебесін ұстанып қалмауымыз керек. Осы орайда, Үкімет қаржы реттеушілерімен және «Астана» халықаралық қаржы орталығымен бірлесе отырып, кешенді цифрлық экожүйені дамыту үшін қолайлы жағдай жасауы қажет», – деді Қасым-Жомарт Тоқаев.\n\nОсы орайда, Мемлекет басшысы Үкімет қаржы реттеушілерімен және «Астана» халықаралық қаржы орталығымен бірлесе отырып, кешенді цифрлық экожүйені дамыту үшін қолайлы жағдай жасауы қажеттігін атап өтті.', 'https://7kun.kz/wp-content/uploads/2022/06/%D0%BA%D1%80%D0%B8%D0%BF%D1%82%D0%BE%D0%B2%D0%B0%D0%BB%D1%8E%D1%82%D0%B0.jpg', 4, 1, 3, 9, 9, 2, 9, 6, '2023-02-06 17:34:55', '2023-02-07 17:49:58', NULL);

-- --------------------------------------------------------

--
-- Table structure for table `quotes`
--

CREATE TABLE `quotes` (
  `id` bigint UNSIGNED NOT NULL,
  `quote` varchar(255) COLLATE utf8mb4_unicode_ci NOT NULL,
  `author` varchar(255) COLLATE utf8mb4_unicode_ci NOT NULL,
  `created_at` timestamp NULL DEFAULT NULL,
  `updated_at` timestamp NULL DEFAULT NULL,
  `deleted_at` timestamp NULL DEFAULT NULL
) ENGINE=InnoDB DEFAULT CHARSET=utf8mb4 COLLATE=utf8mb4_unicode_ci;

--
-- Dumping data for table `quotes`
--

INSERT INTO `quotes` (`id`, `quote`, `author`, `created_at`, `updated_at`, `deleted_at`) VALUES
(1, 'Дүниедегі ең оңай нәрсе - біреуге ақыл айту, ең қиын нәрсе – өзіңде - өзің түсіну.', 'Әл - Фараби', '2023-02-06 17:34:58', '2023-02-06 17:34:58', NULL),
(2, 'Жақсы мінез – бүкіл өміріңнің сарқылмас байлығы', 'Х. Досмұхамедұлы', '2023-02-06 17:34:58', '2023-02-06 17:34:58', NULL),
(3, 'Сыртқы сұлулық толық болу үшін ішкі сұлулықпен жандануы керек.', 'Халық мақалы', '2023-02-06 17:34:58', '2023-02-06 17:34:58', NULL),
(4, 'Жақсы сөз – жарым ырыс.', 'Халық мақалы', '2023-02-06 17:34:58', '2023-02-06 17:34:58', NULL),
(5, 'Ұяда не көрсең, ұшқанда соны ілесің.', 'Халық мақалы', '2023-02-06 17:34:58', '2023-02-06 17:34:58', NULL),
(6, 'Сөз қадірін білмеген – өз қадірін білмейді.', 'Халық мақалы', '2023-02-06 17:34:58', '2023-02-06 17:34:58', NULL),
(7, 'Жақын адамдардың, достардың, жалпы адамзаттың жақсылығына сеніп, адамдықты құрметтей білу – әдептіліктің, адамгершіліктің белгісі.', 'М. Жұмабаев', '2023-02-06 17:34:58', '2023-02-06 17:34:58', NULL),
(8, 'Ұстамдылық – әдептің ұстазы,\nҰстамсыздық – әлектің нұсқасы.', 'Халық мақалы', '2023-02-06 17:34:58', '2023-02-06 17:34:58', NULL),
(9, 'Адам рухани дүниесін сыртқы табиғат құбылысын тану арқылы қалыптастырады да, өзін жалпы жаратылыстың бір пұшпағы ретінде сезіне біледі.', 'Ш. Айтманов', '2023-02-06 17:34:58', '2023-02-06 17:34:58', NULL),
(10, 'Өзін - өзі білген ер бақытты,\nӨзін - өзі билеген ел бақытты', 'Халық мақалы', '2023-02-06 17:34:59', '2023-02-06 17:34:59', NULL);

-- --------------------------------------------------------

--
-- Table structure for table `regions`
--

CREATE TABLE `regions` (
  `id` bigint UNSIGNED NOT NULL,
  `region` varchar(255) COLLATE utf8mb4_unicode_ci NOT NULL,
  `created_at` timestamp NULL DEFAULT NULL,
  `updated_at` timestamp NULL DEFAULT NULL
) ENGINE=InnoDB DEFAULT CHARSET=utf8mb4 COLLATE=utf8mb4_unicode_ci;

--
-- Dumping data for table `regions`
--

INSERT INTO `regions` (`id`, `region`, `created_at`, `updated_at`) VALUES
(1, 'Балқаш ауданы', '2023-02-06 17:35:01', '2023-02-06 17:35:01'),
(2, 'Electafort', '2023-02-06 17:35:01', '2023-02-06 17:35:01'),
(3, 'Kulasfort', '2023-02-06 17:35:02', '2023-02-06 17:35:02'),
(4, 'East Sabrina', '2023-02-06 17:35:02', '2023-02-06 17:35:02'),
(5, 'Strosinchester', '2023-02-06 17:35:02', '2023-02-06 17:35:02'),
(6, 'Kiehnport', '2023-02-06 17:35:02', '2023-02-06 17:35:02'),
(7, 'East Constantinport', '2023-02-06 17:35:02', '2023-02-06 17:35:02'),
(8, 'Littleton', '2023-02-06 17:35:02', '2023-02-06 17:35:02'),
(9, 'Harberview', '2023-02-06 17:35:02', '2023-02-06 17:35:02'),
(10, 'North Willachester', '2023-02-06 17:35:02', '2023-02-06 17:35:02');

-- --------------------------------------------------------

--
-- Table structure for table `roles`
--

CREATE TABLE `roles` (
  `id` bigint UNSIGNED NOT NULL,
  `name` varchar(255) COLLATE utf8mb4_unicode_ci NOT NULL,
  `guard_name` varchar(255) COLLATE utf8mb4_unicode_ci NOT NULL,
  `created_at` timestamp NULL DEFAULT NULL,
  `updated_at` timestamp NULL DEFAULT NULL
) ENGINE=InnoDB DEFAULT CHARSET=utf8mb4 COLLATE=utf8mb4_unicode_ci;

-- --------------------------------------------------------

--
-- Table structure for table `role_has_permissions`
--

CREATE TABLE `role_has_permissions` (
  `permission_id` bigint UNSIGNED NOT NULL,
  `role_id` bigint UNSIGNED NOT NULL
) ENGINE=InnoDB DEFAULT CHARSET=utf8mb4 COLLATE=utf8mb4_unicode_ci;

-- --------------------------------------------------------

--
-- Table structure for table `users`
--

CREATE TABLE `users` (
  `id` bigint UNSIGNED NOT NULL,
  `name` varchar(255) COLLATE utf8mb4_unicode_ci NOT NULL,
  `surname` varchar(255) COLLATE utf8mb4_unicode_ci NOT NULL,
  `lastname` varchar(255) COLLATE utf8mb4_unicode_ci NOT NULL,
  `number` varchar(255) COLLATE utf8mb4_unicode_ci NOT NULL,
  `photo` varchar(255) COLLATE utf8mb4_unicode_ci DEFAULT NULL,
  `password` varchar(255) COLLATE utf8mb4_unicode_ci NOT NULL,
  `role_id` int NOT NULL DEFAULT '5',
  `remember_token` varchar(100) COLLATE utf8mb4_unicode_ci DEFAULT NULL,
  `created_at` timestamp NULL DEFAULT NULL,
  `updated_at` timestamp NULL DEFAULT NULL,
  `deleted_at` timestamp NULL DEFAULT NULL
) ENGINE=InnoDB DEFAULT CHARSET=utf8mb4 COLLATE=utf8mb4_unicode_ci;

--
-- Dumping data for table `users`
--

INSERT INTO `users` (`id`, `name`, `surname`, `lastname`, `number`, `photo`, `password`, `role_id`, `remember_token`, `created_at`, `updated_at`, `deleted_at`) VALUES
(1, 'Болат', 'Қуаныш', 'Болатұлы', '+7(708)702-06-26', 'https://via.placeholder.com/200x200.png/0099cc?text=atque', '$2y$10$881KXt9GaX61TsTTEKEkc.lYFHQBgmM85epq58Yh9E/iJkgZVx.xS', 1, 'y5FGbRaw1b', '2023-02-06 17:34:51', '2023-02-06 17:34:51', NULL),
(2, 'Kassulke', 'Schuster', 'Larkin', '+7(123)123-12-32', 'https://via.placeholder.com/200x200.png/0044aa?text=consequatur', '$2y$10$WmHhownIOw75GKypOlFC/OcQm66BaGE7iow.BJR93yDIn30lHtsNK', 2, '3bwh1JVnES', '2023-02-06 17:34:51', '2023-02-06 17:34:51', NULL),
(3, 'Hill', 'Schiller', 'Kuhlman', '+7(123)123-12-33', 'https://via.placeholder.com/200x200.png/00ddaa?text=minima', '$2y$10$D6G4JnJY5oubzFlJExu6x.TaLZlrl5RFQEMa/3WQHAqjoI4yioc7q', 3, 'QNDkT7zeG9', '2023-02-06 17:34:51', '2023-02-06 17:34:51', NULL),
(4, 'Skiles', 'Nicolas', 'Vandervort', '+7(123)123-12-34', 'https://via.placeholder.com/200x200.png/00ddee?text=ad', '$2y$10$2pNEMm3s6DHNi0dqqCF1tuqG66E4tXadPGSoBiRlkPDheFWc22TNq', 4, 'NWVesdeT5Q', '2023-02-06 17:34:52', '2023-02-06 17:34:52', NULL),
(5, 'Nitzsche', 'Gulgowski', 'Reilly', '+13194039249', 'https://via.placeholder.com/200x200.png/0055ff?text=dolores', '$2y$10$CxkPAsYUu8dzKvUggRDEIO0BwynVsrgnW.11RPUy2SpFeU4RIO.xm', 5, 'Fny9qMGCKF', '2023-02-06 17:34:57', '2023-02-06 17:34:57', NULL),
(6, 'Farrell', 'Shanahan', 'Rau', '+12518431173', 'https://via.placeholder.com/200x200.png/005599?text=animi', '$2y$10$vSRlRYrFafK1o.p2m1QQzOicQJlMDaFEQ1UWZ6FWiMNmcl/jt/w/a', 4, 'ttq6sqFOXi', '2023-02-06 17:34:57', '2023-02-06 17:34:57', NULL),
(7, 'Friesen', 'Koss', 'Gutkowski', '+15613933509', 'https://via.placeholder.com/200x200.png/001199?text=minus', '$2y$10$alqx2mGyCL7y4WBIKCr0aeoT2Us7A9mraDOo/F5VFeep5wWxUsC/.', 5, '2fH0p6kATG', '2023-02-06 17:34:57', '2023-02-06 17:34:57', NULL),
(8, 'Erdman', 'Schroeder', 'Kessler', '+18572082059', 'https://via.placeholder.com/200x200.png/005566?text=et', '$2y$10$r.E3kzw43ijdOO0TQrb.oODf7y2bcTriM57cU3XPO1P2BC2MmZxaS', 5, 'YVQIj1HtKn', '2023-02-06 17:34:57', '2023-02-06 17:34:57', NULL),
(9, 'Hintz', 'Bailey', 'Zboncak', '+12703835260', 'https://via.placeholder.com/200x200.png/0066bb?text=officia', '$2y$10$wtsMfsFTtrAxX71TLSS5r.tbe6GE.fKwWdvhraMbmTDbG1IwNXK6q', 5, 'uB5GMPEe2n', '2023-02-06 17:34:57', '2023-02-06 17:34:57', NULL),
(10, 'Smitham', 'Cormier', 'Langosh', '+16172699542', 'https://via.placeholder.com/200x200.png/00cc66?text=non', '$2y$10$7Cdq732eHcdDmxg/B3HJTekX9bi59trSWLi.aOO2yDmP/hS1dDfAK', 5, 'yh9gR7JaYJ', '2023-02-06 17:34:57', '2023-02-06 17:34:57', NULL),
(11, 'Ryan', 'Ebert', 'Mitchell', '+19738597518', 'https://via.placeholder.com/200x200.png/00ee11?text=debitis', '$2y$10$XVIqgHj2HSinauYe1XzoDODaoIfELxbc8EC6OLYjdnYYpPhNQm4tO', 1, 'mXI5cA7Xco', '2023-02-06 17:34:57', '2023-02-06 17:34:57', NULL),
(12, 'Жаппаров', 'Дархан', 'Ерғазыұлы', '+12563025224', 'https://via.placeholder.com/200x200.png/00cc44?text=ipsum', '$2y$10$qGTixbJidaJNavIvHqkOm.pPu8rXbsuE/ZFO0B1XmcH/dfEfX1Ac6', 4, 'YGFfHSXHmN', '2023-02-06 17:34:57', '2023-02-06 17:34:57', NULL),
(13, 'Rohan', 'DuBuque', 'Medhurst', '+12126838155', 'https://via.placeholder.com/200x200.png/009933?text=illo', '$2y$10$0GUDRiB79bYAqEhrf/uDf.HaA35VoVWM8/WtudCbM/LKOPSsqRj2a', 1, '8V8fftRDVd', '2023-02-06 17:34:57', '2023-02-06 17:34:57', NULL),
(14, 'Waelchi', 'Williamson', 'Dare', '+19719258974', 'https://via.placeholder.com/200x200.png/006666?text=incidunt', '$2y$10$KS2oFXkgqZnXlNDnKx2A4eg.1YZ.WQlQZHxGsNZbx8f7PSVCEU5XS', 3, 'qdyttyLRRI', '2023-02-06 17:34:57', '2023-02-06 17:34:57', NULL);

--
-- Indexes for dumped tables
--

--
-- Indexes for table `ads`
--
ALTER TABLE `ads`
  ADD PRIMARY KEY (`id`);

--
-- Indexes for table `categories`
--
ALTER TABLE `categories`
  ADD PRIMARY KEY (`id`);

--
-- Indexes for table `cities`
--
ALTER TABLE `cities`
  ADD PRIMARY KEY (`id`);

--
-- Indexes for table `comments`
--
ALTER TABLE `comments`
  ADD PRIMARY KEY (`id`);

--
-- Indexes for table `districts`
--
ALTER TABLE `districts`
  ADD PRIMARY KEY (`id`);

--
-- Indexes for table `failed_jobs`
--
ALTER TABLE `failed_jobs`
  ADD PRIMARY KEY (`id`),
  ADD UNIQUE KEY `failed_jobs_uuid_unique` (`uuid`);

--
-- Indexes for table `likeable_likes`
--
ALTER TABLE `likeable_likes`
  ADD PRIMARY KEY (`id`),
  ADD UNIQUE KEY `likeable_likes_unique` (`likeable_id`,`likeable_type`,`user_id`),
  ADD KEY `likeable_likes_user_id_index` (`user_id`);

--
-- Indexes for table `likeable_like_counters`
--
ALTER TABLE `likeable_like_counters`
  ADD PRIMARY KEY (`id`),
  ADD UNIQUE KEY `likeable_counts` (`likeable_id`,`likeable_type`);

--
-- Indexes for table `migrations`
--
ALTER TABLE `migrations`
  ADD PRIMARY KEY (`id`);

--
-- Indexes for table `model_has_permissions`
--
ALTER TABLE `model_has_permissions`
  ADD PRIMARY KEY (`permission_id`,`model_id`,`model_type`),
  ADD KEY `model_has_permissions_model_id_model_type_index` (`model_id`,`model_type`);

--
-- Indexes for table `model_has_roles`
--
ALTER TABLE `model_has_roles`
  ADD PRIMARY KEY (`role_id`,`model_id`,`model_type`),
  ADD KEY `model_has_roles_model_id_model_type_index` (`model_id`,`model_type`);

--
-- Indexes for table `password_resets`
--
ALTER TABLE `password_resets`
  ADD KEY `password_resets_email_index` (`email`);

--
-- Indexes for table `permissions`
--
ALTER TABLE `permissions`
  ADD PRIMARY KEY (`id`),
  ADD UNIQUE KEY `permissions_name_guard_name_unique` (`name`,`guard_name`);

--
-- Indexes for table `personal_access_tokens`
--
ALTER TABLE `personal_access_tokens`
  ADD PRIMARY KEY (`id`),
  ADD UNIQUE KEY `personal_access_tokens_token_unique` (`token`),
  ADD KEY `personal_access_tokens_tokenable_type_tokenable_id_index` (`tokenable_type`,`tokenable_id`);

--
-- Indexes for table `posts`
--
ALTER TABLE `posts`
  ADD PRIMARY KEY (`id`);

--
-- Indexes for table `quotes`
--
ALTER TABLE `quotes`
  ADD PRIMARY KEY (`id`);

--
-- Indexes for table `regions`
--
ALTER TABLE `regions`
  ADD PRIMARY KEY (`id`);

--
-- Indexes for table `roles`
--
ALTER TABLE `roles`
  ADD PRIMARY KEY (`id`),
  ADD UNIQUE KEY `roles_name_guard_name_unique` (`name`,`guard_name`);

--
-- Indexes for table `role_has_permissions`
--
ALTER TABLE `role_has_permissions`
  ADD PRIMARY KEY (`permission_id`,`role_id`),
  ADD KEY `role_has_permissions_role_id_foreign` (`role_id`);

--
-- Indexes for table `users`
--
ALTER TABLE `users`
  ADD PRIMARY KEY (`id`),
  ADD UNIQUE KEY `users_number_unique` (`number`);

--
-- AUTO_INCREMENT for dumped tables
--

--
-- AUTO_INCREMENT for table `ads`
--
ALTER TABLE `ads`
  MODIFY `id` bigint UNSIGNED NOT NULL AUTO_INCREMENT, AUTO_INCREMENT=2;

--
-- AUTO_INCREMENT for table `categories`
--
ALTER TABLE `categories`
  MODIFY `id` bigint UNSIGNED NOT NULL AUTO_INCREMENT, AUTO_INCREMENT=11;

--
-- AUTO_INCREMENT for table `cities`
--
ALTER TABLE `cities`
  MODIFY `id` bigint UNSIGNED NOT NULL AUTO_INCREMENT, AUTO_INCREMENT=11;

--
-- AUTO_INCREMENT for table `comments`
--
ALTER TABLE `comments`
  MODIFY `id` bigint UNSIGNED NOT NULL AUTO_INCREMENT, AUTO_INCREMENT=11;

--
-- AUTO_INCREMENT for table `districts`
--
ALTER TABLE `districts`
  MODIFY `id` bigint UNSIGNED NOT NULL AUTO_INCREMENT, AUTO_INCREMENT=11;

--
-- AUTO_INCREMENT for table `failed_jobs`
--
ALTER TABLE `failed_jobs`
  MODIFY `id` bigint UNSIGNED NOT NULL AUTO_INCREMENT;

--
-- AUTO_INCREMENT for table `likeable_likes`
--
ALTER TABLE `likeable_likes`
  MODIFY `id` bigint UNSIGNED NOT NULL AUTO_INCREMENT;

--
-- AUTO_INCREMENT for table `likeable_like_counters`
--
ALTER TABLE `likeable_like_counters`
  MODIFY `id` bigint UNSIGNED NOT NULL AUTO_INCREMENT;

--
-- AUTO_INCREMENT for table `migrations`
--
ALTER TABLE `migrations`
  MODIFY `id` int UNSIGNED NOT NULL AUTO_INCREMENT, AUTO_INCREMENT=15;

--
-- AUTO_INCREMENT for table `permissions`
--
ALTER TABLE `permissions`
  MODIFY `id` bigint UNSIGNED NOT NULL AUTO_INCREMENT;

--
-- AUTO_INCREMENT for table `personal_access_tokens`
--
ALTER TABLE `personal_access_tokens`
  MODIFY `id` bigint UNSIGNED NOT NULL AUTO_INCREMENT;

--
-- AUTO_INCREMENT for table `posts`
--
ALTER TABLE `posts`
  MODIFY `id` bigint UNSIGNED NOT NULL AUTO_INCREMENT, AUTO_INCREMENT=31;

--
-- AUTO_INCREMENT for table `quotes`
--
ALTER TABLE `quotes`
  MODIFY `id` bigint UNSIGNED NOT NULL AUTO_INCREMENT, AUTO_INCREMENT=11;

--
-- AUTO_INCREMENT for table `regions`
--
ALTER TABLE `regions`
  MODIFY `id` bigint UNSIGNED NOT NULL AUTO_INCREMENT, AUTO_INCREMENT=11;

--
-- AUTO_INCREMENT for table `roles`
--
ALTER TABLE `roles`
  MODIFY `id` bigint UNSIGNED NOT NULL AUTO_INCREMENT;

--
-- AUTO_INCREMENT for table `users`
--
ALTER TABLE `users`
  MODIFY `id` bigint UNSIGNED NOT NULL AUTO_INCREMENT, AUTO_INCREMENT=15;

--
-- Constraints for dumped tables
--

--
-- Constraints for table `model_has_permissions`
--
ALTER TABLE `model_has_permissions`
  ADD CONSTRAINT `model_has_permissions_permission_id_foreign` FOREIGN KEY (`permission_id`) REFERENCES `permissions` (`id`) ON DELETE CASCADE;

--
-- Constraints for table `model_has_roles`
--
ALTER TABLE `model_has_roles`
  ADD CONSTRAINT `model_has_roles_role_id_foreign` FOREIGN KEY (`role_id`) REFERENCES `roles` (`id`) ON DELETE CASCADE;

--
-- Constraints for table `role_has_permissions`
--
ALTER TABLE `role_has_permissions`
  ADD CONSTRAINT `role_has_permissions_permission_id_foreign` FOREIGN KEY (`permission_id`) REFERENCES `permissions` (`id`) ON DELETE CASCADE,
  ADD CONSTRAINT `role_has_permissions_role_id_foreign` FOREIGN KEY (`role_id`) REFERENCES `roles` (`id`) ON DELETE CASCADE;
COMMIT;

/*!40101 SET CHARACTER_SET_CLIENT=@OLD_CHARACTER_SET_CLIENT */;
/*!40101 SET CHARACTER_SET_RESULTS=@OLD_CHARACTER_SET_RESULTS */;
/*!40101 SET COLLATION_CONNECTION=@OLD_COLLATION_CONNECTION */;
